signal_date,ticker,entry_close,sortino_score,status,exit_date,exit_close,gross_ret_pct,net_ret_pct,incumbent_day_avg_net,excess_over_incumbent
2026-07-01,ACUTAAS.NS,3567.5,0.3674,COMPLETED,2026-07-30,3233.8,-9.354,-9.854,-1.43,-8.424
2026-07-01,ADANIENSOL.NS,1521.4,0.195,COMPLETED,2026-07-30,1659.0,9.044,8.544,-1.43,9.974
2026-07-01,ADANIPOWER.NS,226.86,0.2399,COMPLETED,2026-07-30,208.97,-7.886,-8.386,-1.43,-6.956
2026-07-01,AEGISLOG.NS,1248.05,0.1877,COMPLETED,2026-07-30,1249.3,0.1,-0.4,-1.43,1.03
2026-07-01,ANANDRATHI.NS,1964.9,0.3804,COMPLETED,2026-07-30,2039.3,3.786,3.286,-1.43,4.717
2026-07-01,APOLLO.NS,418.85,0.2097,COMPLETED,2026-07-30,378.1,-9.729,-10.229,-1.43,-8.799
2026-07-01,ARVIND.NS,560.35,0.2053,COMPLETED,2026-07-30,506.65,-9.583,-10.083,-1.43,-8.653
2026-07-01,ASTRAMICRO.NS,1752.5,0.1859,COMPLETED,2026-07-30,1726.0,-1.512,-2.012,-1.43,-0.582
2026-07-01,BHARATFORG.NS,2102.42,0.2344,COMPLETED,2026-07-30,2164.7,2.962,2.462,-1.43,3.892
2026-07-01,CRAFTSMAN.NS,9293.66,0.2174,COMPLETED,2026-07-30,10047.0,8.106,7.606,-1.43,9.036
2026-07-01,CUMMINSIND.NS,5616.42,0.2463,COMPLETED,2026-07-30,5396.0,-3.924,-4.424,-1.43,-2.994
2026-07-01,CUPID.NS,193.38,0.4865,COMPLETED,2026-07-30,228.94,18.389,17.889,-1.43,19.319
2026-07-01,FEDERALBNK.NS,330.27,0.2511,COMPLETED,2026-07-30,352.94,6.865,6.365,-1.43,7.795
2026-07-01,GABRIEL.NS,1243.33,0.2024,COMPLETED,2026-07-30,1389.13,11.726,11.226,-1.43,12.657
2026-07-01,GRANULES.NS,809.71,0.2261,COMPLETED,2026-07-30,833.95,2.993,2.493,-1.43,3.923
2026-07-01,GVT&D.NS,4883.61,0.2278,COMPLETED,2026-07-30,4191.92,-14.163,-14.663,-1.43,-13.233
2026-07-01,HFCL.NS,212.09,0.3004,COMPLETED,2026-07-30,184.69,-12.919,-13.419,-1.43,-11.989
2026-07-01,IDEA.NS,14.64,0.2038,COMPLETED,2026-07-30,12.87,-12.09,-12.59,-1.43,-11.16
2026-07-01,JAYNECOIND.NS,85.68,0.183,COMPLETED,2026-07-30,86.94,1.471,0.971,-1.43,2.401
2026-07-01,KIRLOSENG.NS,2336.16,0.3777,COMPLETED,2026-07-30,2128.4,-8.893,-9.393,-1.43,-7.963
2026-07-01,LAURUSLABS.NS,1493.3,0.3319,COMPLETED,2026-07-30,1781.3,19.286,18.786,-1.43,20.216
2026-07-01,MAHABANK.NS,91.2,0.2174,COMPLETED,2026-07-30,79.26,-13.092,-13.592,-1.43,-12.162
2026-07-01,MTARTECH.NS,7790.0,0.4107,COMPLETED,2026-07-30,5453.5,-29.994,-30.494,-1.43,-29.064
2026-07-01,NATIONALUM.NS,334.65,0.1835,COMPLETED,2026-07-30,347.65,3.885,3.385,-1.43,4.815
2026-07-01,NAVINFLUOR.NS,7585.0,0.2021,COMPLETED,2026-07-30,7386.5,-2.617,-3.117,-1.43,-1.687
2026-07-01,NETWEB.NS,4505.09,0.2333,COMPLETED,2026-07-30,4192.59,-6.937,-7.437,-1.43,-6.007
2026-07-01,NYKAA.NS,308.65,0.1939,COMPLETED,2026-07-30,333.75,8.132,7.632,-1.43,9.062
2026-07-01,PAISALO.NS,70.84,0.2722,COMPLETED,2026-07-30,71.06,0.311,-0.189,-1.43,1.241
2026-07-01,POWERINDIA.NS,34241.82,0.1804,COMPLETED,2026-07-30,31242.54,-8.759,-9.259,-1.43,-7.829
2026-07-01,RBLBANK.NS,360.87,0.1922,COMPLETED,2026-07-30,377.07,4.491,3.991,-1.43,5.421
2026-07-01,SAILIFE.NS,1243.8,0.1865,COMPLETED,2026-07-30,1315.2,5.74,5.24,-1.43,6.671
2026-07-01,STLTECH.NS,590.75,0.4386,COMPLETED,2026-07-30,530.55,-10.19,-10.69,-1.43,-9.26
2026-07-01,SYRMA.NS,1420.15,0.3124,COMPLETED,2026-07-30,1376.39,-3.081,-3.581,-1.43,-2.151
2026-07-01,TDPOWERSYS.NS,1192.72,0.2419,COMPLETED,2026-07-30,1056.68,-11.405,-11.905,-1.43,-10.475
2026-07-01,TORNTPHARM.NS,4640.8,0.2413,COMPLETED,2026-07-30,4872.1,4.984,4.484,-1.43,5.914
2026-07-01,WELCORP.NS,1477.6,0.1914,COMPLETED,2026-07-30,1655.0,12.006,11.506,-1.43,12.936
2026-07-02,ACUTAAS.NS,3691.8,0.3681,COMPLETED,2026-07-31,3104.9,-15.897,-16.397,-0.687,-15.711
2026-07-02,ADANIENSOL.NS,1556.9,0.1955,COMPLETED,2026-07-31,1645.4,5.684,5.184,-0.687,5.871
2026-07-02,ADANIPOWER.NS,224.55,0.2334,COMPLETED,2026-07-31,211.31,-5.896,-6.396,-0.687,-5.709
2026-07-02,AEGISLOG.NS,1314.89,0.1935,COMPLETED,2026-07-31,1280.8,-2.593,-3.093,-0.687,-2.406
2026-07-02,ANANDRATHI.NS,1989.7,0.3865,COMPLETED,2026-07-31,2073.7,4.222,3.722,-0.687,4.409
2026-07-02,APARINDS.NS,15101.0,0.1902,COMPLETED,2026-07-31,14348.0,-4.986,-5.486,-0.687,-4.8
2026-07-02,APOLLO.NS,439.55,0.2254,COMPLETED,2026-07-31,389.9,-11.296,-11.796,-0.687,-11.109
2026-07-02,ARVIND.NS,568.0,0.2093,COMPLETED,2026-07-31,513.2,-9.648,-10.148,-0.687,-9.461
2026-07-02,ASTRAMICRO.NS,1795.7,0.1998,COMPLETED,2026-07-31,1861.6,3.67,3.17,-0.687,3.857
2026-07-02,BHARATFORG.NS,2142.4,0.2386,COMPLETED,2026-07-31,2199.8,2.679,2.179,-0.687,2.866
2026-07-02,CRAFTSMAN.NS,9264.2,0.2023,COMPLETED,2026-07-31,9873.5,6.577,6.077,-0.687,6.764
2026-07-02,CUMMINSIND.NS,5532.61,0.2428,COMPLETED,2026-07-31,5519.0,-0.246,-0.746,-0.687,-0.059
2026-07-02,CUPID.NS,192.06,0.4793,COMPLETED,2026-07-31,230.62,20.077,19.577,-0.687,20.264
2026-07-02,FEDERALBNK.NS,329.87,0.2545,COMPLETED,2026-07-31,357.63,8.414,7.914,-0.687,8.601
2026-07-02,GABRIEL.NS,1239.54,0.1983,COMPLETED,2026-07-31,1438.82,16.078,15.578,-0.687,16.264
2026-07-02,GRANULES.NS,823.98,0.2308,COMPLETED,2026-07-31,824.65,0.081,-0.419,-0.687,0.268
2026-07-02,GVT&D.NS,4810.89,0.2249,COMPLETED,2026-07-31,4312.63,-10.357,-10.857,-0.687,-10.17
2026-07-02,HFCL.NS,204.59,0.2894,COMPLETED,2026-07-31,193.92,-5.215,-5.715,-0.687,-5.028
2026-07-02,IDEA.NS,14.48,0.1965,COMPLETED,2026-07-31,13.01,-10.152,-10.652,-0.687,-9.965
2026-07-02,JAYNECOIND.NS,90.32,0.2016,COMPLETED,2026-07-31,86.03,-4.75,-5.25,-0.687,-4.563
2026-07-02,KIRLOSENG.NS,2316.5,0.3697,COMPLETED,2026-07-31,2189.8,-5.47,-5.97,-0.687,-5.283
2026-07-02,LAURUSLABS.NS,1528.0,0.3286,COMPLETED,2026-07-31,1816.2,18.861,18.361,-0.687,19.048
2026-07-02,MAHABANK.NS,91.04,0.2139,COMPLETED,2026-07-31,79.33,-12.862,-13.362,-0.687,-12.676
2026-07-02,MTARTECH.NS,7400.5,0.3984,COMPLETED,2026-07-31,5726.0,-22.627,-23.127,-0.687,-22.44
2026-07-02,NATIONALUM.NS,332.25,0.1855,COMPLETED,2026-07-31,350.05,5.357,4.857,-0.687,5.544
2026-07-02,NAVINFLUOR.NS,7646.5,0.2066,COMPLETED,2026-07-31,7567.5,-1.033,-1.533,-0.687,-0.846
2026-07-02,NETWEB.NS,4432.24,0.2324,COMPLETED,2026-07-31,4521.18,2.007,1.507,-0.687,2.194
2026-07-02,NYKAA.NS,314.0,0.1951,COMPLETED,2026-07-31,333.4,6.178,5.678,-0.687,6.365
2026-07-02,PAISALO.NS,71.92,0.2736,COMPLETED,2026-07-31,71.2,-1.001,-1.501,-0.687,-0.814
2026-07-02,SCHNEIDER.NS,1453.9,0.191,COMPLETED,2026-07-31,1355.3,-6.782,-7.282,-0.687,-6.595
2026-07-02,STLTECH.NS,562.6,0.4149,COMPLETED,2026-07-31,557.05,-0.986,-1.486,-0.687,-0.8
2026-07-02,SYRMA.NS,1396.87,0.2979,COMPLETED,2026-07-31,1365.4,-2.253,-2.753,-0.687,-2.066
2026-07-02,TDPOWERSYS.NS,1190.42,0.266,COMPLETED,2026-07-31,1130.45,-5.038,-5.538,-0.687,-4.851
2026-07-02,TORNTPHARM.NS,4661.4,0.2214,COMPLETED,2026-07-31,5122.8,9.898,9.398,-0.687,10.085
2026-07-02,WELCORP.NS,1498.8,0.1956,COMPLETED,2026-07-31,1650.6,10.128,9.628,-0.687,10.315
2026-07-03,ACUTAAS.NS,3694.8,0.3676,COMPLETED,2026-08-03,3116.4,-15.654,-16.154,1.118,-17.273
2026-07-03,ADANIENSOL.NS,1568.8,0.1984,COMPLETED,2026-08-03,1647.0,4.985,4.485,1.118,3.366
2026-07-03,ADANIPOWER.NS,221.79,0.2289,COMPLETED,2026-08-03,213.65,-3.67,-4.17,1.118,-5.288
2026-07-03,AEGISLOG.NS,1318.38,0.2196,COMPLETED,2026-08-03,1388.3,5.304,4.804,1.118,3.686
2026-07-03,ANANDRATHI.NS,2061.7,0.3842,COMPLETED,2026-08-03,2058.7,-0.146,-0.646,1.118,-1.764
2026-07-03,APOLLO.NS,450.05,0.2312,COMPLETED,2026-08-03,397.35,-11.71,-12.21,1.118,-13.328
2026-07-03,ARVIND.NS,569.05,0.2118,COMPLETED,2026-08-03,528.95,-7.047,-7.547,1.118,-8.665
2026-07-03,ASTRAMICRO.NS,1848.5,0.212,COMPLETED,2026-08-03,1848.8,0.016,-0.484,1.118,-1.602
2026-07-03,BHARATFORG.NS,2136.7,0.23,COMPLETED,2026-08-03,2211.0,3.477,2.977,1.118,1.859
2026-07-03,CRAFTSMAN.NS,9107.89,0.196,COMPLETED,2026-08-03,10338.5,13.512,13.012,1.118,11.893
2026-07-03,CUMMINSIND.NS,5432.94,0.2264,COMPLETED,2026-08-03,5550.0,2.155,1.655,1.118,0.536
2026-07-03,CUPID.NS,198.84,0.4854,COMPLETED,2026-08-03,230.95,16.149,15.649,1.118,14.53
2026-07-03,FEDERALBNK.NS,326.29,0.2372,COMPLETED,2026-08-03,370.43,13.531,13.031,1.118,11.913
2026-07-03,GABRIEL.NS,1229.26,0.1834,COMPLETED,2026-08-03,1524.25,23.997,23.497,1.118,22.379
2026-07-03,GRANULES.NS,832.07,0.2346,COMPLETED,2026-08-03,843.2,1.338,0.838,1.118,-0.28
2026-07-03,GVT&D.NS,4390.63,0.1873,COMPLETED,2026-08-03,4359.21,-0.716,-1.216,1.118,-2.334
2026-07-03,HFCL.NS,214.48,0.3051,COMPLETED,2026-08-03,202.52,-5.576,-6.076,1.118,-7.195
2026-07-03,IDEA.NS,14.25,0.191,COMPLETED,2026-08-03,12.86,-9.754,-10.254,1.118,-11.373
2026-07-03,JAYNECOIND.NS,90.99,0.2042,COMPLETED,2026-08-03,88.18,-3.088,-3.588,1.118,-4.707
2026-07-03,JBCHEPHARM.NS,2364.6,0.2364,OPEN,,,,,1.118,
2026-07-03,KIRLOSENG.NS,2226.09,0.3545,COMPLETED,2026-08-03,2225.2,-0.04,-0.54,1.118,-1.658
2026-07-03,LAURUSLABS.NS,1542.3,0.3193,COMPLETED,2026-08-03,1811.4,17.448,16.948,1.118,15.83
2026-07-03,LTF.NS,327.0,0.1937,COMPLETED,2026-08-03,318.0,-2.752,-3.252,1.118,-4.371
2026-07-03,MAHABANK.NS,88.53,0.1847,COMPLETED,2026-08-03,79.57,-10.121,-10.621,1.118,-11.739
2026-07-03,MTARTECH.NS,7033.5,0.3833,COMPLETED,2026-08-03,6012.0,-14.523,-15.023,1.118,-16.142
2026-07-03,NATIONALUM.NS,347.6,0.1955,COMPLETED,2026-08-03,369.0,6.156,5.656,1.118,4.538
2026-07-03,NAVINFLUOR.NS,7552.5,0.1906,COMPLETED,2026-08-03,7555.0,0.033,-0.467,1.118,-1.585
2026-07-03,NETWEB.NS,4424.64,0.2278,COMPLETED,2026-08-03,4583.14,3.582,3.082,1.118,1.964
2026-07-03,NYKAA.NS,310.3,0.1929,COMPLETED,2026-08-03,344.9,11.151,10.651,1.118,9.532
2026-07-03,PAISALO.NS,71.87,0.2755,COMPLETED,2026-08-03,72.29,0.584,0.084,1.118,-1.034
2026-07-03,STLTECH.NS,576.8,0.425,COMPLETED,2026-08-03,584.9,1.404,0.904,1.118,-0.214
2026-07-03,SYRMA.NS,1374.59,0.2878,COMPLETED,2026-08-03,1359.21,-1.119,-1.619,1.118,-2.737
2026-07-03,TDPOWERSYS.NS,1091.27,0.2343,COMPLETED,2026-08-03,1111.86,1.887,1.387,1.118,0.269
2026-07-03,TORNTPHARM.NS,4768.3,0.2232,COMPLETED,2026-08-03,5050.0,5.908,5.408,1.118,4.29
2026-07-03,WELCORP.NS,1439.3,0.1843,COMPLETED,2026-08-03,1715.3,19.176,18.676,1.118,17.558
2026-07-06,ACUTAAS.NS,3514.8,0.3533,COMPLETED,2026-08-04,3224.3,-8.265,-8.765,0.741,-9.506
2026-07-06,ADANIENSOL.NS,1622.8,0.2121,COMPLETED,2026-08-04,1646.0,1.43,0.93,0.741,0.188
2026-07-06,ADANIPOWER.NS,219.85,0.2232,COMPLETED,2026-08-04,209.95,-4.503,-5.003,0.741,-5.744
2026-07-06,AEGISLOG.NS,1401.73,0.2442,COMPLETED,2026-08-04,1357.9,-3.127,-3.627,0.741,-4.368
2026-07-06,ANANDRATHI.NS,2095.5,0.4126,COMPLETED,2026-08-04,2034.0,-2.935,-3.435,0.741,-4.176
2026-07-06,APOLLO.NS,423.85,0.2159,COMPLETED,2026-08-04,398.2,-6.052,-6.552,0.741,-7.293
2026-07-06,ARVIND.NS,546.55,0.1952,COMPLETED,2026-08-04,547.35,0.146,-0.354,0.741,-1.095
2026-07-06,ASTRAMICRO.NS,1850.0,0.216,COMPLETED,2026-08-04,1835.4,-0.789,-1.289,0.741,-2.03
2026-07-06,BHARATFORG.NS,2138.7,0.2308,COMPLETED,2026-08-04,2195.0,2.632,2.132,0.741,1.391
2026-07-06,CRAFTSMAN.NS,9085.91,0.1939,COMPLETED,2026-08-04,10175.0,11.987,11.487,0.741,10.745
2026-07-06,CUMMINSIND.NS,5532.61,0.2411,COMPLETED,2026-08-04,5550.0,0.314,-0.186,0.741,-0.927
2026-07-06,CUPID.NS,213.09,0.4963,COMPLETED,2026-08-04,237.99,11.685,11.185,0.741,10.444
2026-07-06,FEDERALBNK.NS,329.18,0.2283,COMPLETED,2026-08-04,361.22,9.734,9.234,0.741,8.492
2026-07-06,GRANULES.NS,852.42,0.2462,COMPLETED,2026-08-04,825.7,-3.135,-3.635,0.741,-4.376
2026-07-06,GVT&D.NS,4543.25,0.1974,COMPLETED,2026-08-04,4322.5,-4.859,-5.359,0.741,-6.1
2026-07-06,HFCL.NS,224.95,0.3214,COMPLETED,2026-08-04,202.78,-9.856,-10.356,0.741,-11.097
2026-07-06,IDEA.NS,14.09,0.1877,COMPLETED,2026-08-04,12.9,-8.446,-8.946,0.741,-9.687
2026-07-06,JAYNECOIND.NS,90.73,0.2202,COMPLETED,2026-08-04,87.86,-3.163,-3.663,0.741,-4.405
2026-07-06,JBCHEPHARM.NS,2390.0,0.2589,OPEN,,,,,0.741,
2026-07-06,KIRLOSENG.NS,2260.82,0.363,COMPLETED,2026-08-04,2273.9,0.579,0.079,0.741,-0.663
2026-07-06,LAURUSLABS.NS,1529.2,0.3043,COMPLETED,2026-08-04,1850.0,20.978,20.478,0.741,19.737
2026-07-06,LTF.NS,335.6,0.2001,COMPLETED,2026-08-04,317.9,-5.274,-5.774,0.741,-6.515
2026-07-06,MTARTECH.NS,7047.0,0.3832,COMPLETED,2026-08-04,6312.5,-10.423,-10.923,0.741,-11.664
2026-07-06,NATIONALUM.NS,351.05,0.2017,COMPLETED,2026-08-04,377.0,7.392,6.892,0.741,6.151
2026-07-06,NAVINFLUOR.NS,7729.0,0.1999,COMPLETED,2026-08-04,7629.0,-1.294,-1.794,0.741,-2.535
2026-07-06,NETWEB.NS,4408.75,0.2241,COMPLETED,2026-08-04,4759.23,7.95,7.45,0.741,6.708
2026-07-06,NYKAA.NS,313.5,0.2,COMPLETED,2026-08-04,342.5,9.25,8.75,0.741,8.009
2026-07-06,PAISALO.NS,72.04,0.2739,COMPLETED,2026-08-04,71.11,-1.291,-1.791,0.741,-2.532
2026-07-06,RADICO.NS,4097.61,0.184,COMPLETED,2026-08-04,4450.0,8.6,8.1,0.741,7.359
2026-07-06,SCHNEIDER.NS,1501.0,0.1861,COMPLETED,2026-08-04,1333.9,-11.133,-11.633,0.741,-12.374
2026-07-06,STLTECH.NS,585.15,0.4205,COMPLETED,2026-08-04,604.45,3.298,2.798,0.741,2.057
2026-07-06,SYRMA.NS,1389.68,0.2807,COMPLETED,2026-08-04,1420.15,2.193,1.693,0.741,0.951
2026-07-06,TDPOWERSYS.NS,1173.63,0.254,COMPLETED,2026-08-04,1126.95,-3.977,-4.477,0.741,-5.218
2026-07-06,TORNTPHARM.NS,4822.7,0.2287,COMPLETED,2026-08-04,5030.0,4.298,3.798,0.741,3.057
2026-07-06,WELCORP.NS,1543.6,0.2154,COMPLETED,2026-08-04,1736.6,12.503,12.003,0.741,11.262
2026-07-07,ACUTAAS.NS,3391.0,0.348,COMPLETED,2026-08-05,3282.8,-3.191,-3.691,2.697,-6.388
2026-07-07,ADANIENSOL.NS,1651.0,0.2152,COMPLETED,2026-08-05,1642.0,-0.545,-1.045,2.697,-3.743
2026-07-07,ADANIPOWER.NS,218.07,0.2208,COMPLETED,2026-08-05,208.99,-4.164,-4.664,2.697,-7.361
2026-07-07,AEGISLOG.NS,1376.37,0.256,COMPLETED,2026-08-05,1395.8,1.412,0.912,2.697,-1.785
2026-07-07,ANANDRATHI.NS,2052.0,0.3984,COMPLETED,2026-08-05,2037.6,-0.702,-1.202,2.697,-3.899
2026-07-07,APOLLO.NS,401.35,0.2034,COMPLETED,2026-08-05,399.05,-0.573,-1.073,2.697,-3.771
2026-07-07,ARVIND.NS,539.1,0.1911,COMPLETED,2026-08-05,545.1,1.113,0.613,2.697,-2.085
2026-07-07,ASTRAMICRO.NS,1782.2,0.1894,COMPLETED,2026-08-05,1809.4,1.526,1.026,2.697,-1.671
2026-07-07,BHARATFORG.NS,2111.6,0.2338,COMPLETED,2026-08-05,2197.1,4.049,3.549,2.697,0.852
2026-07-07,CRAFTSMAN.NS,9087.91,0.1892,COMPLETED,2026-08-05,10408.5,14.531,14.031,2.697,11.334
2026-07-07,CUMMINSIND.NS,5426.49,0.2331,COMPLETED,2026-08-05,5440.0,0.249,-0.251,2.697,-2.949
2026-07-07,CUPID.NS,221.11,0.5088,COMPLETED,2026-08-05,252.11,14.02,13.52,2.697,10.823
2026-07-07,FEDERALBNK.NS,330.42,0.2323,COMPLETED,2026-08-05,355.24,7.51,7.01,2.697,4.313
2026-07-07,GRANULES.NS,861.75,0.256,COMPLETED,2026-08-05,845.1,-1.933,-2.433,2.697,-5.13
2026-07-07,HFCL.NS,226.04,0.3238,COMPLETED,2026-08-05,212.23,-6.11,-6.61,2.697,-9.307
2026-07-07,IOLCP.NS,165.04,0.1958,COMPLETED,2026-08-05,163.41,-0.988,-1.488,2.697,-4.185
2026-07-07,JAYNECOIND.NS,87.22,0.1976,COMPLETED,2026-08-05,91.77,5.217,4.717,2.697,2.019
2026-07-07,JBCHEPHARM.NS,2422.0,0.2689,OPEN,,,,,2.697,
2026-07-07,KIRLOSENG.NS,2265.11,0.3614,COMPLETED,2026-08-05,2241.4,-1.047,-1.547,2.697,-4.244
2026-07-07,LAURUSLABS.NS,1477.4,0.2806,COMPLETED,2026-08-05,1835.0,24.205,23.705,2.697,21.007
2026-07-07,LTF.NS,334.2,0.2014,COMPLETED,2026-08-05,318.4,-4.728,-5.228,2.697,-7.925
2026-07-07,MTARTECH.NS,7006.5,0.3828,COMPLETED,2026-08-05,6628.0,-5.402,-5.902,2.697,-8.6
2026-07-07,NATIONALUM.NS,342.55,0.1915,COMPLETED,2026-08-05,381.0,11.225,10.725,2.697,8.027
2026-07-07,NETWEB.NS,4228.16,0.2159,COMPLETED,2026-08-05,4890.75,15.671,15.171,2.697,12.473
2026-07-07,NYKAA.NS,315.2,0.1928,COMPLETED,2026-08-05,335.35,6.393,5.893,2.697,3.195
2026-07-07,PAISALO.NS,69.54,0.2694,COMPLETED,2026-08-05,69.14,-0.575,-1.075,2.697,-3.773
2026-07-07,RADICO.NS,4089.53,0.1903,COMPLETED,2026-08-05,4550.0,11.26,10.76,2.697,8.062
2026-07-07,RBLBANK.NS,374.13,0.1906,COMPLETED,2026-08-05,388.79,3.919,3.419,2.697,0.721
2026-07-07,SCHNEIDER.NS,1492.6,0.1873,COMPLETED,2026-08-05,1352.5,-9.386,-9.886,2.697,-12.584
2026-07-07,STARHEALTH.NS,589.75,0.2021,COMPLETED,2026-08-05,588.1,-0.28,-0.78,2.697,-3.477
2026-07-07,STLTECH.NS,555.9,0.3995,COMPLETED,2026-08-05,634.65,14.166,13.666,2.697,10.969
2026-07-07,SYRMA.NS,1354.61,0.264,COMPLETED,2026-08-05,1432.63,5.76,5.26,2.697,2.562
2026-07-07,TDPOWERSYS.NS,1120.15,0.2397,COMPLETED,2026-08-05,1201.9,7.298,6.798,2.697,4.1
2026-07-07,TORNTPHARM.NS,4856.7,0.2478,COMPLETED,2026-08-05,5000.0,2.951,2.451,2.697,-0.247
2026-07-07,WELCORP.NS,1541.0,0.2045,COMPLETED,2026-08-05,1788.1,16.035,15.535,2.697,12.838
2026-07-08,ACUTAAS.NS,3454.5,0.3521,COMPLETED,2026-08-06,3260.6,-5.613,-6.113,4.343,-10.456
2026-07-08,ADANIENSOL.NS,1655.5,0.2172,COMPLETED,2026-08-06,1620.0,-2.144,-2.644,4.343,-6.988
2026-07-08,ADANIPOWER.NS,216.48,0.2204,COMPLETED,2026-08-06,208.12,-3.862,-4.362,4.343,-8.705
2026-07-08,AEGISLOG.NS,1238.8,0.1943,COMPLETED,2026-08-06,1400.0,13.013,12.513,4.343,8.169
2026-07-08,ANANDRATHI.NS,2059.8,0.4004,COMPLETED,2026-08-06,2071.5,0.568,0.068,4.343,-4.275
2026-07-08,APOLLO.NS,393.4,0.2021,COMPLETED,2026-08-06,403.95,2.682,2.182,4.343,-2.162
2026-07-08,ASTRAMICRO.NS,1809.3,0.1966,COMPLETED,2026-08-06,1802.2,-0.392,-0.892,4.343,-5.236
2026-07-08,BHARATFORG.NS,2100.5,0.2227,COMPLETED,2026-08-06,2210.0,5.213,4.713,4.343,0.37
2026-07-08,CRAFTSMAN.NS,9170.31,0.1844,COMPLETED,2026-08-06,10555.0,15.1,14.6,4.343,10.256
2026-07-08,CUMMINSIND.NS,5453.27,0.2358,COMPLETED,2026-08-06,5402.0,-0.94,-1.44,4.343,-5.784
2026-07-08,CUPID.NS,196.98,0.4583,COMPLETED,2026-08-06,262.61,33.318,32.818,4.343,28.475
2026-07-08,FEDERALBNK.NS,325.44,0.2256,COMPLETED,2026-08-06,352.35,8.268,7.768,4.343,3.425
2026-07-08,GRANULES.NS,857.76,0.2528,COMPLETED,2026-08-06,838.65,-2.228,-2.728,4.343,-7.072
2026-07-08,GVT&D.NS,4455.67,0.1917,COMPLETED,2026-08-06,4355.92,-2.239,-2.739,4.343,-7.082
2026-07-08,HFCL.NS,214.74,0.3071,COMPLETED,2026-08-06,203.67,-5.155,-5.655,4.343,-9.998
2026-07-08,IDEA.NS,13.93,0.1835,COMPLETED,2026-08-06,12.63,-9.332,-9.832,4.343,-14.176
2026-07-08,IOLCP.NS,167.11,0.2069,COMPLETED,2026-08-06,163.18,-2.352,-2.852,4.343,-7.195
2026-07-08,JAYNECOIND.NS,85.91,0.1902,COMPLETED,2026-08-06,92.57,7.752,7.252,4.343,2.909
2026-07-08,JBCHEPHARM.NS,2435.8,0.2731,OPEN,,,,,4.343,
2026-07-08,KIRLOSENG.NS,2272.2,0.3657,COMPLETED,2026-08-06,2248.9,-1.025,-1.525,4.343,-5.869
2026-07-08,LAURUSLABS.NS,1469.2,0.2777,COMPLETED,2026-08-06,1830.0,24.558,24.058,4.343,19.714
2026-07-08,MTARTECH.NS,6826.5,0.3765,COMPLETED,2026-08-06,6959.0,1.941,1.441,4.343,-2.902
2026-07-08,NATIONALUM.NS,349.75,0.1975,COMPLETED,2026-08-06,381.0,8.935,8.435,4.343,4.092
2026-07-08,NETWEB.NS,4168.8,0.2124,COMPLETED,2026-08-06,4813.0,15.453,14.953,4.343,10.609
2026-07-08,NEULANDLAB.NS,18854.16,0.1859,COMPLETED,2026-08-06,21543.0,14.261,13.761,4.343,9.418
2026-07-08,NYKAA.NS,317.95,0.2236,COMPLETED,2026-08-06,331.95,4.403,3.903,4.343,-0.44
2026-07-08,PAISALO.NS,70.42,0.2787,COMPLETED,2026-08-06,68.98,-2.045,-2.545,4.343,-6.888
2026-07-08,RADICO.NS,4068.57,0.1961,COMPLETED,2026-08-06,4470.0,9.867,9.367,4.343,5.023
2026-07-08,SCHNEIDER.NS,1496.6,0.1893,COMPLETED,2026-08-06,1335.2,-10.784,-11.284,4.343,-15.628
2026-07-08,STARHEALTH.NS,584.2,0.1981,COMPLETED,2026-08-06,573.65,-1.806,-2.306,4.343,-6.649
2026-07-08,STLTECH.NS,528.15,0.3819,COMPLETED,2026-08-06,633.85,20.013,19.513,4.343,15.17
2026-07-08,SYRMA.NS,1364.8,0.2649,COMPLETED,2026-08-06,1416.55,3.792,3.292,4.343,-1.052
2026-07-08,TDPOWERSYS.NS,1079.47,0.2318,COMPLETED,2026-08-06,1227.7,13.731,13.231,4.343,8.888
2026-07-08,TORNTPHARM.NS,4866.4,0.2516,COMPLETED,2026-08-06,4956.0,1.841,1.341,4.343,-3.002
2026-07-08,WELCORP.NS,1529.2,0.2079,COMPLETED,2026-08-06,1819.6,18.99,18.49,4.343,14.147
2026-07-09,ACUTAAS.NS,3458.8,0.3469,COMPLETED,2026-08-07,3297.9,-4.652,-5.152,2.879,-8.031
2026-07-09,ADANIENSOL.NS,1618.5,0.2092,COMPLETED,2026-08-07,1630.1,0.717,0.217,2.879,-2.662
2026-07-09,ADANIPOWER.NS,216.32,0.2217,COMPLETED,2026-08-07,209.0,-3.384,-3.884,2.879,-6.763
2026-07-09,AEGISLOG.NS,1257.4,0.1983,COMPLETED,2026-08-07,1371.0,9.035,8.535,2.879,5.655
2026-07-09,ANANDRATHI.NS,2095.6,0.4083,COMPLETED,2026-08-07,2101.5,0.282,-0.218,2.879,-3.098
2026-07-09,APOLLO.NS,398.3,0.2,COMPLETED,2026-08-07,403.85,1.393,0.893,2.879,-1.986
2026-07-09,ASTRAMICRO.NS,1833.1,0.1954,COMPLETED,2026-08-07,1840.0,0.376,-0.124,2.879,-3.003
2026-07-09,BHARATFORG.NS,2130.6,0.2328,COMPLETED,2026-08-07,2265.2,6.317,5.817,2.879,2.938
2026-07-09,CUMMINSIND.NS,5496.91,0.2381,COMPLETED,2026-08-07,5426.0,-1.29,-1.79,2.879,-4.669
2026-07-09,CUPID.NS,210.01,0.472,COMPLETED,2026-08-07,262.13,24.818,24.318,2.879,21.439
2026-07-09,FEDERALBNK.NS,326.63,0.2313,COMPLETED,2026-08-07,355.04,8.696,8.196,2.879,5.317
2026-07-09,GRANULES.NS,880.22,0.2642,COMPLETED,2026-08-07,873.85,-0.723,-1.223,2.879,-4.102
2026-07-09,GVT&D.NS,4631.94,0.2016,COMPLETED,2026-08-07,4288.39,-7.417,-7.917,2.879,-10.796
2026-07-09,HFCL.NS,214.68,0.3068,COMPLETED,2026-08-07,207.98,-3.121,-3.621,2.879,-6.5
2026-07-09,IDEA.NS,14.04,0.1897,COMPLETED,2026-08-07,12.73,-9.33,-9.83,2.879,-12.71
2026-07-09,IOLCP.NS,168.15,0.2079,COMPLETED,2026-08-07,167.85,-0.178,-0.678,2.879,-3.557
2026-07-09,JAYNECOIND.NS,88.46,0.1934,COMPLETED,2026-08-07,92.37,4.42,3.92,2.879,1.041
2026-07-09,JBCHEPHARM.NS,2444.5,0.2758,OPEN,,,,,2.879,
2026-07-09,KIRLOSENG.NS,2419.68,0.3872,COMPLETED,2026-08-07,2161.7,-10.662,-11.162,2.879,-14.041
2026-07-09,LAURUSLABS.NS,1507.4,0.2788,COMPLETED,2026-08-07,1844.3,22.35,21.85,2.879,18.971
2026-07-09,MTARTECH.NS,6938.5,0.3812,COMPLETED,2026-08-07,7085.5,2.119,1.619,2.879,-1.26
2026-07-09,NATIONALUM.NS,349.5,0.1975,COMPLETED,2026-08-07,381.0,9.013,8.513,2.879,5.634
2026-07-09,NAVINFLUOR.NS,7689.0,0.1923,COMPLETED,2026-08-07,8271.0,7.569,7.069,2.879,4.19
2026-07-09,NETWEB.NS,4283.83,0.2226,COMPLETED,2026-08-07,4939.2,15.299,14.799,2.879,11.92
2026-07-09,NEULANDLAB.NS,19505.95,0.1879,COMPLETED,2026-08-07,22855.0,17.169,16.669,2.879,13.79
2026-07-09,NYKAA.NS,324.05,0.2426,COMPLETED,2026-08-07,332.0,2.453,1.953,2.879,-0.926
2026-07-09,PAISALO.NS,72.4,0.2863,COMPLETED,2026-08-07,68.68,-5.138,-5.638,2.879,-8.517
2026-07-09,RADICO.NS,4079.95,0.1881,COMPLETED,2026-08-07,4499.0,10.271,9.771,2.879,6.892
2026-07-09,SPARC.NS,277.57,0.191,COMPLETED,2026-08-07,213.21,-23.187,-23.687,2.879,-26.566
2026-07-09,STARHEALTH.NS,603.25,0.2103,COMPLETED,2026-08-07,569.85,-5.537,-6.037,2.879,-8.916
2026-07-09,STLTECH.NS,554.35,0.3897,COMPLETED,2026-08-07,638.9,15.252,14.752,2.879,11.873
2026-07-09,SYRMA.NS,1439.53,0.2797,COMPLETED,2026-08-07,1423.24,-1.131,-1.631,2.879,-4.51
2026-07-09,TDPOWERSYS.NS,1089.47,0.2337,COMPLETED,2026-08-07,1260.9,15.735,15.235,2.879,12.356
2026-07-09,TORNTPHARM.NS,4898.2,0.2494,COMPLETED,2026-08-07,4924.0,0.527,0.027,2.879,-2.852
2026-07-09,WELCORP.NS,1601.9,0.2216,COMPLETED,2026-08-07,1839.8,14.851,14.351,2.879,11.472
2026-07-10,ACUTAAS.NS,3400.8,0.3401,COMPLETED,2026-08-10,3282.0,-3.493,-3.993,1.705,-5.699
2026-07-10,ADANIENSOL.NS,1654.0,0.2138,COMPLETED,2026-08-10,1632.0,-1.33,-1.83,1.705,-3.536
2026-07-10,ADANIPOWER.NS,218.45,0.2182,COMPLETED,2026-08-10,210.65,-3.571,-4.071,1.705,-5.776
2026-07-10,AEGISLOG.NS,1246.1,0.1928,COMPLETED,2026-08-10,1333.7,7.03,6.53,1.705,4.825
2026-07-10,ANANDRATHI.NS,2146.8,0.4234,COMPLETED,2026-08-10,2131.5,-0.713,-1.213,1.705,-2.918
2026-07-10,APOLLO.NS,408.85,0.213,COMPLETED,2026-08-10,388.25,-5.039,-5.539,1.705,-7.244
2026-07-10,ASTRAMICRO.NS,1803.7,0.2026,COMPLETED,2026-08-10,1734.7,-3.825,-4.325,1.705,-6.031
2026-07-10,BHARATFORG.NS,2117.0,0.2231,COMPLETED,2026-08-10,2093.1,-1.129,-1.629,1.705,-3.334
2026-07-10,CEMPRO.NS,1566.8,0.1948,COMPLETED,2026-08-10,1266.4,-19.173,-19.673,1.705,-21.378
2026-07-10,CUMMINSIND.NS,5575.26,0.2321,COMPLETED,2026-08-10,5448.0,-2.283,-2.783,1.705,-4.488
2026-07-10,CUPID.NS,212.24,0.4752,COMPLETED,2026-08-10,262.71,23.78,23.28,1.705,21.574
2026-07-10,FEDERALBNK.NS,328.73,0.2351,COMPLETED,2026-08-10,357.13,8.64,8.14,1.705,6.435
2026-07-10,GRANULES.NS,888.0,0.2658,COMPLETED,2026-08-10,855.15,-3.699,-4.199,1.705,-5.905
2026-07-10,GVT&D.NS,4665.55,0.2042,COMPLETED,2026-08-10,4319.31,-7.421,-7.921,1.705,-9.627
2026-07-10,HFCL.NS,217.25,0.3145,COMPLETED,2026-08-10,212.97,-1.97,-2.47,1.705,-4.176
2026-07-10,IDEA.NS,14.19,0.1946,COMPLETED,2026-08-10,12.92,-8.95,-9.45,1.705,-11.155
2026-07-10,IOLCP.NS,171.06,0.2098,COMPLETED,2026-08-10,164.66,-3.741,-4.241,1.705,-5.947
2026-07-10,J&KBANK.NS,192.65,0.2123,COMPLETED,2026-08-10,155.15,-19.465,-19.965,1.705,-21.671
2026-07-10,JAYNECOIND.NS,91.48,0.1992,COMPLETED,2026-08-10,91.49,0.011,-0.489,1.705,-2.195
2026-07-10,JBCHEPHARM.NS,2435.5,0.2755,OPEN,,,,,1.705,
2026-07-10,KIRLOSENG.NS,2486.64,0.3934,COMPLETED,2026-08-10,2131.2,-14.294,-14.794,1.705,-16.5
2026-07-10,LAURUSLABS.NS,1537.8,0.2866,COMPLETED,2026-08-10,1854.0,20.562,20.062,1.705,18.356
2026-07-10,MTARTECH.NS,7101.0,0.3882,COMPLETED,2026-08-10,6940.0,-2.267,-2.767,1.705,-4.473
2026-07-10,NATIONALUM.NS,354.85,0.2069,COMPLETED,2026-08-10,382.7,7.848,7.348,1.705,5.643
2026-07-10,NAVINFLUOR.NS,7712.0,0.1885,COMPLETED,2026-08-10,8196.5,6.282,5.782,1.705,4.077
2026-07-10,NETWEB.NS,4302.32,0.2271,COMPLETED,2026-08-10,4903.0,13.962,13.462,1.705,11.756
2026-07-10,NEULANDLAB.NS,19470.02,0.1932,COMPLETED,2026-08-10,22216.0,14.104,13.604,1.705,11.898
2026-07-10,NYKAA.NS,330.1,0.2435,COMPLETED,2026-08-10,323.7,-1.939,-2.439,1.705,-4.144
2026-07-10,PAISALO.NS,73.24,0.2905,COMPLETED,2026-08-10,69.94,-4.506,-5.006,1.705,-6.711
2026-07-10,STARHEALTH.NS,603.25,0.2118,COMPLETED,2026-08-10,574.95,-4.691,-5.191,1.705,-6.897
2026-07-10,STLTECH.NS,543.05,0.3933,COMPLETED,2026-08-10,637.75,17.439,16.939,1.705,15.233
2026-07-10,SYRMA.NS,1450.42,0.2772,COMPLETED,2026-08-10,1514.85,4.442,3.942,1.705,2.237
2026-07-10,TDPOWERSYS.NS,1149.64,0.2514,COMPLETED,2026-08-10,1236.4,7.547,7.047,1.705,5.341
2026-07-10,TORNTPHARM.NS,4901.5,0.2525,COMPLETED,2026-08-10,4924.0,0.459,-0.041,1.705,-1.746
2026-07-10,WELCORP.NS,1612.6,0.2273,COMPLETED,2026-08-10,1848.5,14.629,14.129,1.705,12.423
2026-07-13,ACUTAAS.NS,3495.2,0.3561,COMPLETED,2026-08-11,3246.0,-7.13,-7.63,3.037,-10.667
2026-07-13,ADANIENSOL.NS,1644.6,0.2128,COMPLETED,2026-08-11,1622.0,-1.374,-1.874,3.037,-4.911
2026-07-13,ADANIPOWER.NS,215.46,0.2124,COMPLETED,2026-08-11,209.0,-2.998,-3.498,3.037,-6.535
2026-07-13,AEGISLOG.NS,1293.6,0.2031,COMPLETED,2026-08-11,1297.6,0.309,-0.191,3.037,-3.228
2026-07-13,ANANDRATHI.NS,2117.7,0.4203,COMPLETED,2026-08-11,2158.0,1.903,1.403,3.037,-1.634
2026-07-13,APOLLO.NS,402.85,0.2095,COMPLETED,2026-08-11,388.7,-3.512,-4.012,3.037,-7.05
2026-07-13,ARVIND.NS,544.35,0.1971,COMPLETED,2026-08-11,567.65,4.28,3.78,3.037,0.743
2026-07-13,BHARATFORG.NS,2145.6,0.2314,COMPLETED,2026-08-11,2051.0,-4.409,-4.909,3.037,-7.946
2026-07-13,CEMPRO.NS,1583.7,0.2006,COMPLETED,2026-08-11,1274.6,-19.518,-20.018,3.037,-23.055
2026-07-13,CUMMINSIND.NS,5509.3,0.2218,COMPLETED,2026-08-11,5378.5,-2.374,-2.874,3.037,-5.911
2026-07-13,CUPID.NS,206.83,0.4697,COMPLETED,2026-08-11,276.65,33.757,33.257,3.037,30.22
2026-07-13,FEDERALBNK.NS,331.37,0.2428,COMPLETED,2026-08-11,353.34,6.632,6.132,3.037,3.094
2026-07-13,GRANULES.NS,895.78,0.2689,COMPLETED,2026-08-11,861.0,-3.883,-4.383,3.037,-7.42
2026-07-13,GRWRHITECH.NS,7041.0,0.1906,COMPLETED,2026-08-11,7020.5,-0.291,-0.791,3.037,-3.828
2026-07-13,GVT&D.NS,4514.43,0.1913,COMPLETED,2026-08-11,4409.09,-2.333,-2.833,3.037,-5.871
2026-07-13,HFCL.NS,214.63,0.3119,COMPLETED,2026-08-11,214.24,-0.182,-0.682,3.037,-3.719
2026-07-13,IDEA.NS,13.96,0.1906,COMPLETED,2026-08-11,12.89,-7.665,-8.165,3.037,-11.202
2026-07-13,IOLCP.NS,169.09,0.2153,COMPLETED,2026-08-11,164.14,-2.927,-3.427,3.037,-6.465
2026-07-13,JAYNECOIND.NS,93.93,0.2079,COMPLETED,2026-08-11,93.0,-0.99,-1.49,3.037,-4.527
2026-07-13,JBCHEPHARM.NS,2460.0,0.2846,OPEN,,,,,3.037,
2026-07-13,KIRLOSENG.NS,2431.06,0.3878,COMPLETED,2026-08-11,2101.5,-13.556,-14.056,3.037,-17.093
2026-07-13,KTKBANK.NS,278.95,0.1906,COMPLETED,2026-08-11,302.85,8.568,8.068,3.037,5.031
2026-07-13,LAURUSLABS.NS,1558.6,0.2909,COMPLETED,2026-08-11,1858.0,19.21,18.71,3.037,15.672
2026-07-13,MTARTECH.NS,6746.0,0.3714,COMPLETED,2026-08-11,6893.0,2.179,1.679,3.037,-1.358
2026-07-13,NATIONALUM.NS,355.2,0.2052,COMPLETED,2026-08-11,388.0,9.234,8.734,3.037,5.697
2026-07-13,NETWEB.NS,4397.26,0.2305,COMPLETED,2026-08-11,4859.8,10.519,10.019,3.037,6.982
2026-07-13,NYKAA.NS,328.4,0.239,COMPLETED,2026-08-11,325.0,-1.035,-1.535,3.037,-4.573
2026-07-13,PAISALO.NS,72.3,0.2861,COMPLETED,2026-08-11,69.31,-4.136,-4.636,3.037,-7.673
2026-07-13,RBLBANK.NS,379.62,0.192,COMPLETED,2026-08-11,388.69,2.391,1.891,3.037,-1.146
2026-07-13,STARHEALTH.NS,599.75,0.2013,COMPLETED,2026-08-11,584.7,-2.509,-3.009,3.037,-6.047
2026-07-13,STLTECH.NS,518.15,0.3805,COMPLETED,2026-08-11,620.0,19.656,19.156,3.037,16.119
2026-07-13,SYRMA.NS,1430.24,0.275,COMPLETED,2026-08-11,1493.27,4.407,3.907,3.037,0.87
2026-07-13,TDPOWERSYS.NS,1151.64,0.2557,COMPLETED,2026-08-11,1275.6,10.764,10.264,3.037,7.227
2026-07-13,TORNTPHARM.NS,4951.1,0.2644,COMPLETED,2026-08-11,4886.0,-1.315,-1.815,3.037,-4.852
2026-07-13,WELCORP.NS,1619.9,0.2317,COMPLETED,2026-08-11,1836.9,13.396,12.896,3.037,9.859
2026-07-14,ACUTAAS.NS,3459.7,0.3468,COMPLETED,2026-08-12,3153.4,-8.853,-9.353,3.615,-12.968
2026-07-14,ADANIENSOL.NS,1690.3,0.2182,COMPLETED,2026-08-12,1599.0,-5.401,-5.901,3.615,-9.516
2026-07-14,ADANIPOWER.NS,226.17,0.2269,COMPLETED,2026-08-12,206.99,-8.48,-8.98,3.615,-12.595
2026-07-14,AEGISLOG.NS,1222.5,0.1819,COMPLETED,2026-08-12,1264.5,3.436,2.936,3.615,-0.679
2026-07-14,ANANDRATHI.NS,2080.8,0.403,COMPLETED,2026-08-12,2189.0,5.2,4.7,3.615,1.085
2026-07-14,APOLLO.NS,405.9,0.2074,COMPLETED,2026-08-12,379.85,-6.418,-6.918,3.615,-10.532
2026-07-14,ARVIND.NS,540.45,0.1977,COMPLETED,2026-08-12,566.85,4.885,4.385,3.615,0.77
2026-07-14,BHARATFORG.NS,2119.7,0.2352,COMPLETED,2026-08-12,2081.5,-1.802,-2.302,3.615,-5.917
2026-07-14,CEMPRO.NS,1596.6,0.1905,COMPLETED,2026-08-12,1261.7,-20.976,-21.476,3.615,-25.09
2026-07-14,CUMMINSIND.NS,5448.31,0.2114,COMPLETED,2026-08-12,5365.0,-1.529,-2.029,3.615,-5.644
2026-07-14,CUPID.NS,216.77,0.4793,COMPLETED,2026-08-12,289.87,33.722,33.222,3.615,29.608
2026-07-14,FEDERALBNK.NS,326.38,0.2335,COMPLETED,2026-08-12,355.64,8.962,8.462,3.615,4.847
2026-07-14,GRANULES.NS,893.24,0.2793,COMPLETED,2026-08-12,864.8,-3.184,-3.684,3.615,-7.298
2026-07-14,GRWRHITECH.NS,7037.0,0.1939,COMPLETED,2026-08-12,7132.5,1.357,0.857,3.615,-2.757
2026-07-14,GVT&D.NS,4487.49,0.1888,COMPLETED,2026-08-12,4395.62,-2.047,-2.547,3.615,-6.162
2026-07-14,HFCL.NS,212.78,0.3115,COMPLETED,2026-08-12,221.52,4.108,3.608,3.615,-0.007
2026-07-14,IDEA.NS,13.83,0.1894,COMPLETED,2026-08-12,13.5,-2.386,-2.886,3.615,-6.501
2026-07-14,IOLCP.NS,173.78,0.2272,COMPLETED,2026-08-12,158.42,-8.839,-9.339,3.615,-12.953
2026-07-14,JAYNECOIND.NS,90.43,0.2017,COMPLETED,2026-08-12,90.67,0.265,-0.235,3.615,-3.849
2026-07-14,JBCHEPHARM.NS,2487.6,0.2889,OPEN,,,,,3.615,
2026-07-14,KIRLOSENG.NS,2357.32,0.3809,COMPLETED,2026-08-12,2053.4,-12.892,-13.392,3.615,-17.007
2026-07-14,KTKBANK.NS,274.15,0.1852,COMPLETED,2026-08-12,313.7,14.426,13.926,3.615,10.312
2026-07-14,LAURUSLABS.NS,1560.7,0.2833,COMPLETED,2026-08-12,1850.0,18.537,18.037,3.615,14.422
2026-07-14,MCX.NS,2891.3,0.1822,COMPLETED,2026-08-12,2970.1,2.725,2.225,3.615,-1.389
2026-07-14,MTARTECH.NS,6409.0,0.3565,COMPLETED,2026-08-12,7111.5,10.961,10.461,3.615,6.847
2026-07-14,NATIONALUM.NS,364.9,0.2181,COMPLETED,2026-08-12,420.0,15.1,14.6,3.615,10.985
2026-07-14,NETWEB.NS,4395.36,0.2301,COMPLETED,2026-08-12,4837.4,10.057,9.557,3.615,5.942
2026-07-14,NYKAA.NS,324.45,0.2092,COMPLETED,2026-08-12,328.05,1.11,0.61,3.615,-3.005
2026-07-14,PAISALO.NS,72.45,0.276,COMPLETED,2026-08-12,68.75,-5.107,-5.607,3.615,-9.222
2026-07-14,STARHEALTH.NS,597.35,0.1936,COMPLETED,2026-08-12,583.25,-2.36,-2.86,3.615,-6.475
2026-07-14,STLTECH.NS,533.85,0.3886,COMPLETED,2026-08-12,651.0,21.944,21.444,3.615,17.83
2026-07-14,SYRMA.NS,1420.35,0.2567,COMPLETED,2026-08-12,1471.79,3.622,3.122,3.615,-0.492
2026-07-14,TDPOWERSYS.NS,1124.45,0.2411,COMPLETED,2026-08-12,740.05,-34.186,-34.686,3.615,-38.3
2026-07-14,TORNTPHARM.NS,4973.5,0.2614,COMPLETED,2026-08-12,4893.0,-1.619,-2.119,3.615,-5.733
2026-07-14,WELCORP.NS,1683.4,0.2374,COMPLETED,2026-08-12,1867.6,10.942,10.442,3.615,6.828
2026-07-15,ACUTAAS.NS,3546.9,0.3521,COMPLETED,2026-08-13,3110.6,-12.301,-12.801,2.863,-15.664
2026-07-15,ADANIENSOL.NS,1678.0,0.2158,COMPLETED,2026-08-13,1583.0,-5.662,-6.162,2.863,-9.025
2026-07-15,ADANIPOWER.NS,218.97,0.2135,COMPLETED,2026-08-13,206.1,-5.878,-6.378,2.863,-9.241
2026-07-15,AEGISLOG.NS,1321.1,0.2117,COMPLETED,2026-08-13,1247.0,-5.609,-6.109,2.863,-8.972
2026-07-15,ANANDRATHI.NS,2081.8,0.3982,COMPLETED,2026-08-13,2198.8,5.62,5.12,2.863,2.257
2026-07-15,APOLLO.NS,404.75,0.2102,COMPLETED,2026-08-13,389.7,-3.718,-4.218,2.863,-7.082
2026-07-15,ARVIND.NS,541.0,0.1988,COMPLETED,2026-08-13,555.65,2.708,2.208,2.863,-0.655
2026-07-15,ASTRAMICRO.NS,1750.9,0.1961,COMPLETED,2026-08-13,1700.9,-2.856,-3.356,2.863,-6.219
2026-07-15,BHARATFORG.NS,2100.4,0.2383,COMPLETED,2026-08-13,2088.0,-0.59,-1.09,2.863,-3.954
2026-07-15,CEMPRO.NS,1601.4,0.1993,COMPLETED,2026-08-13,1237.0,-22.755,-23.255,2.863,-26.118
2026-07-15,CUMMINSIND.NS,5503.85,0.2163,COMPLETED,2026-08-13,5315.0,-3.431,-3.931,2.863,-6.794
2026-07-15,CUPID.NS,219.66,0.4789,COMPLETED,2026-08-13,294.86,34.235,33.735,2.863,30.871
2026-07-15,FEDERALBNK.NS,326.43,0.241,COMPLETED,2026-08-13,351.25,7.602,7.102,2.863,4.239
2026-07-15,GRANULES.NS,896.18,0.2823,COMPLETED,2026-08-13,857.55,-4.311,-4.811,2.863,-7.674
2026-07-15,GRWRHITECH.NS,6991.0,0.1934,COMPLETED,2026-08-13,7230.0,3.419,2.919,2.863,0.055
2026-07-15,GVT&D.NS,4684.8,0.2013,COMPLETED,2026-08-13,4294.07,-8.34,-8.84,2.863,-11.704
2026-07-15,HFCL.NS,223.08,0.3268,COMPLETED,2026-08-13,227.36,1.919,1.419,2.863,-1.445
2026-07-15,IOLCP.NS,165.7,0.21,COMPLETED,2026-08-13,166.02,0.193,-0.307,2.863,-3.17
2026-07-15,J&KBANK.NS,182.63,0.1886,COMPLETED,2026-08-13,157.78,-13.607,-14.107,2.863,-16.97
2026-07-15,JAYNECOIND.NS,91.67,0.2052,COMPLETED,2026-08-13,90.76,-0.993,-1.493,2.863,-4.356
2026-07-15,JBCHEPHARM.NS,2506.0,0.3013,OPEN,,,,,2.863,
2026-07-15,KIRLOSENG.NS,2409.11,0.3888,COMPLETED,2026-08-13,2059.9,-14.495,-14.995,2.863,-17.859
2026-07-15,KTKBANK.NS,274.95,0.1881,COMPLETED,2026-08-13,312.75,13.748,13.248,2.863,10.385
2026-07-15,LAURUSLABS.NS,1554.3,0.2822,COMPLETED,2026-08-13,1851.7,19.134,18.634,2.863,15.771
2026-07-15,MTARTECH.NS,6698.5,0.3677,COMPLETED,2026-08-13,7234.0,7.994,7.494,2.863,4.631
2026-07-15,NATIONALUM.NS,361.5,0.2117,COMPLETED,2026-08-13,400.5,10.788,10.288,2.863,7.425
2026-07-15,NETWEB.NS,4368.68,0.2282,COMPLETED,2026-08-13,5181.0,18.594,18.094,2.863,15.231
2026-07-15,NYKAA.NS,329.1,0.2076,COMPLETED,2026-08-13,331.15,0.623,0.123,2.863,-2.74
2026-07-15,PAISALO.NS,72.03,0.2757,COMPLETED,2026-08-13,69.94,-2.902,-3.402,2.863,-6.265
2026-07-15,STARHEALTH.NS,595.55,0.1986,COMPLETED,2026-08-13,584.6,-1.839,-2.339,2.863,-5.202
2026-07-15,STLTECH.NS,540.05,0.3952,COMPLETED,2026-08-13,660.8,22.359,21.859,2.863,18.996
2026-07-15,SYRMA.NS,1403.16,0.2471,COMPLETED,2026-08-13,1466.2,4.492,3.992,2.863,1.129
2026-07-15,TDPOWERSYS.NS,1173.63,0.25,COMPLETED,2026-08-13,740.8,-36.879,-37.379,2.863,-40.243
2026-07-15,TORNTPHARM.NS,5017.8,0.2693,COMPLETED,2026-08-13,4914.5,-2.059,-2.559,2.863,-5.422
2026-07-15,WELCORP.NS,1680.1,0.2376,COMPLETED,2026-08-13,1883.9,12.13,11.63,2.863,8.767
2026-07-16,ACUTAAS.NS,3583.8,0.352,COMPLETED,2026-08-14,3235.6,-9.716,-10.216,2.473,-12.689
2026-07-16,ADANIENSOL.NS,1689.5,0.224,COMPLETED,2026-08-14,1616.0,-4.35,-4.85,2.473,-7.324
2026-07-16,ADANIPOWER.NS,216.57,0.211,COMPLETED,2026-08-14,205.25,-5.227,-5.727,2.473,-8.2
2026-07-16,AEGISLOG.NS,1297.5,0.2043,COMPLETED,2026-08-14,1265.4,-2.474,-2.974,2.473,-5.447
2026-07-16,ANANDRATHI.NS,2079.6,0.3736,COMPLETED,2026-08-14,2174.7,4.573,4.073,2.473,1.6
2026-07-16,APOLLO.NS,398.4,0.2153,COMPLETED,2026-08-14,393.55,-1.217,-1.717,2.473,-4.19
2026-07-16,ARVIND.NS,535.5,0.2032,COMPLETED,2026-08-14,571.85,6.788,6.288,2.473,3.815
2026-07-16,ASTRAMICRO.NS,1721.7,0.2005,COMPLETED,2026-08-14,1739.3,1.022,0.522,2.473,-1.951
2026-07-16,BHARATFORG.NS,2104.7,0.2494,COMPLETED,2026-08-14,2065.0,-1.886,-2.386,2.473,-4.859
2026-07-16,CEMPRO.NS,1603.2,0.2008,COMPLETED,2026-08-14,1298.8,-18.987,-19.487,2.473,-21.96
2026-07-16,CUMMINSIND.NS,5546.0,0.2162,COMPLETED,2026-08-14,5400.0,-2.633,-3.133,2.473,-5.606
2026-07-16,CUPID.NS,212.98,0.4564,COMPLETED,2026-08-14,293.88,37.985,37.485,2.473,35.012
2026-07-16,FEDERALBNK.NS,325.49,0.2495,COMPLETED,2026-08-14,351.3,7.93,7.43,2.473,4.957
2026-07-16,GRANULES.NS,901.37,0.2898,COMPLETED,2026-08-14,858.4,-4.767,-5.267,2.473,-7.741
2026-07-16,GRWRHITECH.NS,6931.5,0.1937,COMPLETED,2026-08-14,7088.5,2.265,1.765,2.473,-0.708
2026-07-16,GVT&D.NS,4572.78,0.2002,COMPLETED,2026-08-14,4339.26,-5.107,-5.607,2.473,-8.08
2026-07-16,HFCL.NS,224.38,0.3316,COMPLETED,2026-08-14,223.11,-0.566,-1.066,2.473,-3.539
2026-07-16,IDEA.NS,13.89,0.1937,COMPLETED,2026-08-14,14.11,1.584,1.084,2.473,-1.389
2026-07-16,IOLCP.NS,164.07,0.207,COMPLETED,2026-08-14,165.58,0.92,0.42,2.473,-2.053
2026-07-16,JAYNECOIND.NS,91.99,0.2071,COMPLETED,2026-08-14,88.93,-3.326,-3.826,2.473,-6.3
2026-07-16,JBCHEPHARM.NS,2408.9,0.263,OPEN,,,,,2.473,
2026-07-16,KIRLOSENG.NS,2391.04,0.3525,COMPLETED,2026-08-14,2100.1,-12.168,-12.668,2.473,-15.141
2026-07-16,LAURUSLABS.NS,1557.6,0.2846,COMPLETED,2026-08-14,1787.3,14.747,14.247,2.473,11.774
2026-07-16,MCX.NS,2815.5,0.189,COMPLETED,2026-08-14,2911.5,3.41,2.91,2.473,0.437
2026-07-16,MTARTECH.NS,6364.0,0.3573,COMPLETED,2026-08-14,7056.0,10.874,10.374,2.473,7.901
2026-07-16,NATIONALUM.NS,354.45,0.2054,COMPLETED,2026-08-14,376.0,6.08,5.58,2.473,3.107
2026-07-16,NETWEB.NS,4301.52,0.209,COMPLETED,2026-08-14,5007.2,16.405,15.905,2.473,13.432
2026-07-16,NYKAA.NS,324.85,0.2015,COMPLETED,2026-08-14,331.0,1.893,1.393,2.473,-1.08
2026-07-16,PAISALO.NS,73.78,0.2903,COMPLETED,2026-08-14,68.67,-6.926,-7.426,2.473,-9.899
2026-07-16,STARHEALTH.NS,602.9,0.2083,COMPLETED,2026-08-14,585.15,-2.944,-3.444,2.473,-5.917
2026-07-16,STLTECH.NS,541.35,0.4112,COMPLETED,2026-08-14,647.75,19.655,19.155,2.473,16.681
2026-07-16,SYRMA.NS,1422.44,0.2444,COMPLETED,2026-08-14,1463.7,2.9,2.4,2.473,-0.073
2026-07-16,TDPOWERSYS.NS,1126.55,0.2445,COMPLETED,2026-08-14,742.3,-34.109,-34.609,2.473,-37.082
2026-07-16,TORNTPHARM.NS,4987.6,0.2704,COMPLETED,2026-08-14,4833.0,-3.1,-3.6,2.473,-6.073
2026-07-16,WELCORP.NS,1684.0,0.2482,COMPLETED,2026-08-14,1873.3,11.241,10.741,2.473,8.268
2026-07-17,ACUTAAS.NS,3619.4,0.3544,COMPLETED,2026-08-17,3198.2,-11.637,-12.137,3.654,-15.791
2026-07-17,ADANIENSOL.NS,1722.6,0.2277,COMPLETED,2026-08-17,1589.1,-7.75,-8.25,3.654,-11.904
2026-07-17,ADANIPOWER.NS,214.45,0.2052,COMPLETED,2026-08-17,203.56,-5.078,-5.578,3.654,-9.232
2026-07-17,AEGISLOG.NS,1349.1,0.2202,COMPLETED,2026-08-17,1287.2,-4.588,-5.088,3.654,-8.742
2026-07-17,ANANDRATHI.NS,2072.7,0.2895,COMPLETED,2026-08-17,2176.0,4.984,4.484,3.654,0.83
2026-07-17,APOLLO.NS,397.8,0.2096,COMPLETED,2026-08-17,387.05,-2.702,-3.202,3.654,-6.856
2026-07-17,ARVIND.NS,535.95,0.201,COMPLETED,2026-08-17,552.3,3.051,2.551,3.654,-1.103
2026-07-17,ASTRAMICRO.NS,1720.8,0.2001,COMPLETED,2026-08-17,1707.1,-0.796,-1.296,3.654,-4.95
2026-07-17,BHARATFORG.NS,2190.5,0.2745,COMPLETED,2026-08-17,2093.0,-4.451,-4.951,3.654,-8.605
2026-07-17,CEMPRO.NS,1615.0,0.2053,COMPLETED,2026-08-17,1321.8,-18.155,-18.655,3.654,-22.308
2026-07-17,CUMMINSIND.NS,5448.0,0.2107,COMPLETED,2026-08-17,5450.0,0.037,-0.463,3.654,-4.117
2026-07-17,CUPID.NS,214.78,0.4452,COMPLETED,2026-08-17,267.32,24.462,23.962,3.654,20.309
2026-07-17,FEDERALBNK.NS,347.81,0.2766,COMPLETED,2026-08-17,354.1,1.808,1.308,3.654,-2.346
2026-07-17,GRANULES.NS,878.97,0.2815,COMPLETED,2026-08-17,861.55,-1.982,-2.482,3.654,-6.135
2026-07-17,GRWRHITECH.NS,6970.5,0.1942,COMPLETED,2026-08-17,7030.0,0.854,0.354,3.654,-3.3
2026-07-17,GVT&D.NS,4376.57,0.1927,COMPLETED,2026-08-17,4279.41,-2.22,-2.72,3.654,-6.374
2026-07-17,HFCL.NS,213.17,0.308,COMPLETED,2026-08-17,219.5,2.969,2.469,3.654,-1.184
2026-07-17,J&KBANK.NS,182.69,0.1875,COMPLETED,2026-08-17,147.97,-19.005,-19.505,3.654,-23.159
2026-07-17,JAYNECOIND.NS,90.28,0.1802,COMPLETED,2026-08-17,88.31,-2.182,-2.682,3.654,-6.336
2026-07-17,JBCHEPHARM.NS,2408.9,0.2521,OPEN,,,,,3.654,
2026-07-17,KIRLOSENG.NS,2250.94,0.3232,COMPLETED,2026-08-17,2101.6,-6.635,-7.135,3.654,-10.788
2026-07-17,KTKBANK.NS,273.15,0.1812,COMPLETED,2026-08-17,306.5,12.209,11.709,3.654,8.056
2026-07-17,LAURUSLABS.NS,1529.8,0.2602,COMPLETED,2026-08-17,1809.7,18.297,17.797,3.654,14.143
2026-07-17,MTARTECH.NS,6046.0,0.3458,COMPLETED,2026-08-17,7057.0,16.722,16.222,3.654,12.568
2026-07-17,NATIONALUM.NS,339.9,0.1923,COMPLETED,2026-08-17,387.55,14.019,13.519,3.654,9.865
2026-07-17,NETWEB.NS,4241.66,0.2024,COMPLETED,2026-08-17,5212.4,22.886,22.386,3.654,18.732
2026-07-17,NYKAA.NS,323.05,0.1932,COMPLETED,2026-08-17,327.05,1.238,0.738,3.654,-2.915
2026-07-17,PAISALO.NS,71.75,0.2822,COMPLETED,2026-08-17,67.59,-5.798,-6.298,3.654,-9.952
2026-07-17,SONACOMS.NS,704.85,0.1951,COMPLETED,2026-08-17,805.1,14.223,13.723,3.654,10.069
2026-07-17,STARHEALTH.NS,582.95,0.1878,COMPLETED,2026-08-17,584.25,0.223,-0.277,3.654,-3.931
2026-07-17,STLTECH.NS,520.4,0.399,COMPLETED,2026-08-17,642.45,23.453,22.953,3.654,19.299
2026-07-17,SYRMA.NS,1357.71,0.2265,COMPLETED,2026-08-17,1466.4,8.005,7.505,3.654,3.852
2026-07-17,TDPOWERSYS.NS,1127.15,0.2413,COMPLETED,2026-08-17,774.4,-31.296,-31.796,3.654,-35.449
2026-07-17,TORNTPHARM.NS,4763.0,0.2094,COMPLETED,2026-08-17,4900.0,2.876,2.376,3.654,-1.277
2026-07-17,WELCORP.NS,1581.5,0.2125,COMPLETED,2026-08-17,1882.0,19.001,18.501,3.654,14.847
2026-07-20,ACUTAAS.NS,3656.2,0.3469,COMPLETED,2026-08-18,3391.4,-7.242,-7.742,3.792,-11.534
2026-07-20,ADANIENSOL.NS,1729.5,0.2292,COMPLETED,2026-08-18,1603.0,-7.314,-7.814,3.792,-11.606
2026-07-20,ADANIPOWER.NS,219.97,0.2139,COMPLETED,2026-08-18,205.58,-6.542,-7.042,3.792,-10.834
2026-07-20,AEGISLOG.NS,1383.9,0.2285,COMPLETED,2026-08-18,1367.7,-1.171,-1.671,3.792,-5.463
2026-07-20,ANANDRATHI.NS,2082.7,0.3208,COMPLETED,2026-08-18,2194.8,5.382,4.882,3.792,1.09
2026-07-20,APOLLO.NS,392.8,0.2102,COMPLETED,2026-08-18,387.85,-1.26,-1.76,3.792,-5.552
2026-07-20,ARVIND.NS,530.75,0.1947,COMPLETED,2026-08-18,526.5,-0.801,-1.301,3.792,-5.093
2026-07-20,ASTRAMICRO.NS,1751.0,0.2056,COMPLETED,2026-08-18,1767.4,0.937,0.437,3.792,-3.355
2026-07-20,BHARATFORG.NS,2209.0,0.28,COMPLETED,2026-08-18,2098.9,-4.984,-5.484,3.792,-9.276
2026-07-20,CEMPRO.NS,1627.0,0.2071,COMPLETED,2026-08-18,1324.0,-18.623,-19.123,3.792,-22.915
2026-07-20,CUMMINSIND.NS,5506.0,0.2089,COMPLETED,2026-08-18,5350.0,-2.833,-3.333,3.792,-7.125
2026-07-20,CUPID.NS,207.27,0.4265,COMPLETED,2026-08-18,284.03,37.034,36.534,3.792,32.742
2026-07-20,FEDERALBNK.NS,349.56,0.2765,COMPLETED,2026-08-18,357.8,2.358,1.858,3.792,-1.934
2026-07-20,GRANULES.NS,874.28,0.2647,COMPLETED,2026-08-18,851.2,-2.64,-3.14,3.792,-6.932
2026-07-20,GRWRHITECH.NS,6923.0,0.1876,COMPLETED,2026-08-18,7101.0,2.571,2.071,3.792,-1.721
2026-07-20,GVT&D.NS,4433.93,0.1946,COMPLETED,2026-08-18,4184.64,-5.622,-6.122,3.792,-9.914
2026-07-20,HFCL.NS,208.03,0.2989,COMPLETED,2026-08-18,230.03,10.575,10.075,3.792,6.283
2026-07-20,J&KBANK.NS,182.25,0.1852,COMPLETED,2026-08-18,150.24,-17.564,-18.064,3.792,-21.856
2026-07-20,JBCHEPHARM.NS,2408.9,0.2477,OPEN,,,,,3.792,
2026-07-20,KIRLOSENG.NS,2217.01,0.3163,COMPLETED,2026-08-18,2125.7,-4.119,-4.619,3.792,-8.411
2026-07-20,KTKBANK.NS,275.25,0.1843,COMPLETED,2026-08-18,310.75,12.897,12.397,3.792,8.605
2026-07-20,LAURUSLABS.NS,1558.9,0.2661,COMPLETED,2026-08-18,1814.0,16.364,15.864,3.792,12.072
2026-07-20,MTARTECH.NS,5744.0,0.329,COMPLETED,2026-08-18,7132.0,24.164,23.664,3.792,19.872
2026-07-20,NATIONALUM.NS,342.9,0.1932,COMPLETED,2026-08-18,388.0,13.153,12.653,3.792,8.861
2026-07-20,NAVINFLUOR.NS,7861.5,0.1932,COMPLETED,2026-08-18,8255.0,5.005,4.505,3.792,0.713
2026-07-20,NETWEB.NS,4175.5,0.201,COMPLETED,2026-08-18,5354.5,28.236,27.736,3.792,23.944
2026-07-20,NYKAA.NS,323.5,0.2027,COMPLETED,2026-08-18,320.6,-0.896,-1.396,3.792,-5.188
2026-07-20,PAISALO.NS,71.41,0.2793,COMPLETED,2026-08-18,67.57,-5.377,-5.877,3.792,-9.669
2026-07-20,SHAILY.NS,2857.8,0.1809,COMPLETED,2026-08-18,3373.7,18.052,17.552,3.792,13.76
2026-07-20,SONACOMS.NS,714.55,0.1978,COMPLETED,2026-08-18,824.0,15.317,14.817,3.792,11.025
2026-07-20,STLTECH.NS,503.6,0.3695,COMPLETED,2026-08-18,646.0,28.276,27.776,3.792,23.984
2026-07-20,SYRMA.NS,1339.43,0.2167,COMPLETED,2026-08-18,1500.1,11.995,11.495,3.792,7.703
2026-07-20,TDPOWERSYS.NS,1140.54,0.2431,COMPLETED,2026-08-18,793.3,-30.445,-30.945,3.792,-34.737
2026-07-20,TORNTPHARM.NS,5005.4,0.2327,COMPLETED,2026-08-18,4971.0,-0.687,-1.187,3.792,-4.979
2026-07-20,WELCORP.NS,1615.8,0.2258,COMPLETED,2026-08-18,1917.1,18.647,18.147,3.792,14.355
2026-07-21,ACUTAAS.NS,3677.0,0.3402,COMPLETED,2026-08-19,3228.9,-12.187,-12.687,2.411,-15.098
2026-07-21,ADANIENSOL.NS,1741.6,0.2323,COMPLETED,2026-08-19,1540.7,-11.535,-12.035,2.411,-14.447
2026-07-21,ADANIPOWER.NS,220.37,0.216,COMPLETED,2026-08-19,204.02,-7.419,-7.919,2.411,-10.331
2026-07-21,AEGISLOG.NS,1313.5,0.203,COMPLETED,2026-08-19,1364.0,3.845,3.345,2.411,0.933
2026-07-21,ANANDRATHI.NS,2091.2,0.3119,COMPLETED,2026-08-19,2189.2,4.686,4.186,2.411,1.775
2026-07-21,APOLLO.NS,390.55,0.2114,COMPLETED,2026-08-19,386.7,-0.986,-1.486,2.411,-3.897
2026-07-21,ARVIND.NS,530.6,0.1916,COMPLETED,2026-08-19,516.5,-2.657,-3.157,2.411,-5.569
2026-07-21,ASTRAMICRO.NS,1747.1,0.2028,COMPLETED,2026-08-19,1701.1,-2.633,-3.133,2.411,-5.544
2026-07-21,BHARATFORG.NS,2201.8,0.2686,COMPLETED,2026-08-19,2069.0,-6.031,-6.531,2.411,-8.943
2026-07-21,CEMPRO.NS,1639.6,0.2192,COMPLETED,2026-08-19,1265.7,-22.804,-23.304,2.411,-25.716
2026-07-21,CUMMINSIND.NS,5583.0,0.2158,COMPLETED,2026-08-19,5220.0,-6.502,-7.002,2.411,-9.413
2026-07-21,CUPID.NS,211.25,0.433,COMPLETED,2026-08-19,284.56,34.703,34.203,2.411,31.792
2026-07-21,FEDERALBNK.NS,354.84,0.2769,COMPLETED,2026-08-19,358.8,1.117,0.617,2.411,-1.795
2026-07-21,GRANULES.NS,873.88,0.2594,COMPLETED,2026-08-19,841.15,-3.745,-4.245,2.411,-6.657
2026-07-21,GRWRHITECH.NS,6921.0,0.1867,COMPLETED,2026-08-19,7080.5,2.305,1.805,2.411,-0.607
2026-07-21,GVT&D.NS,4476.22,0.193,COMPLETED,2026-08-19,4089.88,-8.631,-9.131,2.411,-11.542
2026-07-21,HFCL.NS,217.97,0.3104,COMPLETED,2026-08-19,226.53,3.927,3.427,2.411,1.016
2026-07-21,J&KBANK.NS,186.93,0.1844,COMPLETED,2026-08-19,148.95,-20.318,-20.818,2.411,-23.229
2026-07-21,JBCHEPHARM.NS,2408.9,0.2459,OPEN,,,,,2.411,
2026-07-21,KIRLOSENG.NS,2217.01,0.3182,COMPLETED,2026-08-19,2079.9,-6.185,-6.685,2.411,-9.096
2026-07-21,KTKBANK.NS,281.3,0.1941,COMPLETED,2026-08-19,324.05,15.197,14.697,2.411,12.286
2026-07-21,LAURUSLABS.NS,1593.2,0.2767,COMPLETED,2026-08-19,1801.8,13.093,12.593,2.411,10.182
2026-07-21,MTARTECH.NS,5573.5,0.3218,COMPLETED,2026-08-19,6918.5,24.132,23.632,2.411,21.221
2026-07-21,NATIONALUM.NS,342.9,0.1966,COMPLETED,2026-08-19,386.55,12.73,12.23,2.411,9.818
2026-07-21,NAVINFLUOR.NS,7882.0,0.1865,COMPLETED,2026-08-19,8277.5,5.018,4.518,2.411,2.106
2026-07-21,NETWEB.NS,4254.65,0.2057,COMPLETED,2026-08-19,5065.0,19.046,18.546,2.411,16.135
2026-07-21,NYKAA.NS,327.95,0.2097,COMPLETED,2026-08-19,327.35,-0.183,-0.683,2.411,-3.094
2026-07-21,PAISALO.NS,72.18,0.2804,COMPLETED,2026-08-19,69.37,-3.893,-4.393,2.411,-6.804
2026-07-21,SHAILY.NS,2845.2,0.1799,COMPLETED,2026-08-19,3367.2,18.347,17.847,2.411,15.435
2026-07-21,SONACOMS.NS,732.75,0.208,COMPLETED,2026-08-19,823.5,12.385,11.885,2.411,9.473
2026-07-21,STLTECH.NS,528.75,0.3797,COMPLETED,2026-08-19,621.2,17.485,16.985,2.411,14.573
2026-07-21,SYRMA.NS,1373.0,0.2232,COMPLETED,2026-08-19,1494.8,8.871,8.371,2.411,5.96
2026-07-21,TDPOWERSYS.NS,1128.65,0.2411,COMPLETED,2026-08-19,772.8,-31.529,-32.029,2.411,-34.44
2026-07-21,TORNTPHARM.NS,5040.7,0.2334,COMPLETED,2026-08-19,5013.0,-0.55,-1.05,2.411,-3.461
2026-07-21,WELCORP.NS,1628.9,0.2277,COMPLETED,2026-08-19,1973.9,21.18,20.68,2.411,18.269
2026-07-22,ACUTAAS.NS,3659.6,0.3427,COMPLETED,2026-08-20,3210.5,-12.272,-12.772,3.461,-16.233
2026-07-22,ADANIENSOL.NS,1724.4,0.2304,COMPLETED,2026-08-20,1548.5,-10.201,-10.701,3.461,-14.161
2026-07-22,ADANIPOWER.NS,216.95,0.2142,COMPLETED,2026-08-20,204.0,-5.969,-6.469,3.461,-9.93
2026-07-22,AEGISLOG.NS,1351.3,0.2137,COMPLETED,2026-08-20,1336.2,-1.117,-1.617,3.461,-5.078
2026-07-22,ANANDRATHI.NS,2079.7,0.2902,COMPLETED,2026-08-20,2171.1,4.395,3.895,3.461,0.434
2026-07-22,APOLLO.NS,404.9,0.2192,COMPLETED,2026-08-20,386.75,-4.483,-4.983,3.461,-8.443
2026-07-22,ARVIND.NS,522.35,0.183,COMPLETED,2026-08-20,539.0,3.188,2.688,3.461,-0.773
2026-07-22,ASTRAMICRO.NS,1757.1,0.2049,COMPLETED,2026-08-20,1684.2,-4.149,-4.649,3.461,-8.11
2026-07-22,BHARATFORG.NS,2185.5,0.2675,COMPLETED,2026-08-20,2062.0,-5.651,-6.151,3.461,-9.612
2026-07-22,CEMPRO.NS,1596.6,0.2155,COMPLETED,2026-08-20,1273.9,-20.212,-20.712,3.461,-24.172
2026-07-22,CUMMINSIND.NS,5586.0,0.214,COMPLETED,2026-08-20,5205.0,-6.821,-7.321,3.461,-10.781
2026-07-22,CUPID.NS,206.9,0.4256,COMPLETED,2026-08-20,282.43,36.506,36.006,3.461,32.545
2026-07-22,FEDERALBNK.NS,352.05,0.278,COMPLETED,2026-08-20,355.3,0.924,0.424,3.461,-3.037
2026-07-22,GRANULES.NS,852.03,0.2405,COMPLETED,2026-08-20,841.6,-1.224,-1.724,3.461,-5.184
2026-07-22,GVT&D.NS,4470.44,0.1837,COMPLETED,2026-08-20,4040.1,-9.626,-10.126,3.461,-13.587
2026-07-22,HFCL.NS,217.9,0.3127,COMPLETED,2026-08-20,223.9,2.754,2.254,3.461,-1.207
2026-07-22,JAYNECOIND.NS,83.97,0.1926,COMPLETED,2026-08-20,93.68,11.564,11.064,3.461,7.603
2026-07-22,JBCHEPHARM.NS,2408.9,0.2426,OPEN,,,,,3.461,
2026-07-22,KIRLOSENG.NS,2183.28,0.3029,COMPLETED,2026-08-20,2150.1,-1.52,-2.02,3.461,-5.481
2026-07-22,KTKBANK.NS,276.25,0.1849,COMPLETED,2026-08-20,335.05,21.285,20.785,3.461,17.324
2026-07-22,LAURUSLABS.NS,1577.8,0.2734,COMPLETED,2026-08-20,1825.0,15.667,15.167,3.461,11.707
2026-07-22,MCX.NS,2803.9,0.1798,COMPLETED,2026-08-20,3126.0,11.488,10.988,3.461,7.527
2026-07-22,MTARTECH.NS,5852.0,0.3328,COMPLETED,2026-08-20,7113.5,21.557,21.057,3.461,17.596
2026-07-22,NATIONALUM.NS,342.4,0.1947,COMPLETED,2026-08-20,385.6,12.617,12.117,3.461,8.656
2026-07-22,NAVINFLUOR.NS,7789.0,0.1916,COMPLETED,2026-08-20,8256.0,5.996,5.496,3.461,2.035
2026-07-22,NETWEB.NS,4286.03,0.2095,COMPLETED,2026-08-20,5419.8,26.453,25.953,3.461,22.492
2026-07-22,NYKAA.NS,326.6,0.2042,COMPLETED,2026-08-20,330.35,1.148,0.648,3.461,-2.813
2026-07-22,PAISALO.NS,73.23,0.2839,COMPLETED,2026-08-20,69.95,-4.479,-4.979,3.461,-8.44
2026-07-22,SHAILY.NS,2884.5,0.1833,COMPLETED,2026-08-20,3350.0,16.138,15.638,3.461,12.177
2026-07-22,SONACOMS.NS,726.5,0.1782,COMPLETED,2026-08-20,821.9,13.131,12.631,3.461,9.171
2026-07-22,STLTECH.NS,552.95,0.3827,COMPLETED,2026-08-20,621.4,12.379,11.879,3.461,8.418
2026-07-22,SYRMA.NS,1362.11,0.214,COMPLETED,2026-08-20,1443.7,5.99,5.49,3.461,2.03
2026-07-22,TDPOWERSYS.NS,1160.13,0.2464,COMPLETED,2026-08-20,753.75,-35.029,-35.529,3.461,-38.99
2026-07-22,TORNTPHARM.NS,5033.4,0.2252,COMPLETED,2026-08-20,5005.0,-0.564,-1.064,3.461,-4.525
2026-07-22,WELCORP.NS,1611.8,0.2152,COMPLETED,2026-08-20,2005.2,24.407,23.907,3.461,20.447
2026-07-23,ACUTAAS.NS,3459.1,0.3211,OPEN,,,,,,
2026-07-23,ADANIENSOL.NS,1683.8,0.2239,OPEN,,,,,,
2026-07-23,ADANIPOWER.NS,212.23,0.2089,COMPLETED,2026-08-21,205.5,-3.171,-3.671,,
2026-07-23,AEGISLOG.NS,1368.9,0.2153,COMPLETED,2026-08-21,1417.9,3.58,3.08,,
2026-07-23,ANANDRATHI.NS,2049.1,0.2729,OPEN,,,,,,
2026-07-23,APOLLO.NS,395.5,0.217,COMPLETED,2026-08-21,384.55,-2.769,-3.269,,
2026-07-23,ARVIND.NS,513.45,0.1814,COMPLETED,2026-08-21,536.95,4.577,4.077,,
2026-07-23,ASTRAMICRO.NS,1783.1,0.2208,OPEN,,,,,,
2026-07-23,BHARATFORG.NS,2175.3,0.2678,COMPLETED,2026-08-21,2063.0,-5.163,-5.663,,
2026-07-23,CEMPRO.NS,1516.8,0.2037,OPEN,,,,,,
2026-07-23,CUMMINSIND.NS,5599.0,0.2166,OPEN,,,,,,
2026-07-23,CUPID.NS,208.52,0.4083,COMPLETED,2026-08-21,284.58,36.476,35.976,,
2026-07-23,FEDERALBNK.NS,353.19,0.2799,COMPLETED,2026-08-21,361.0,2.21,1.71,,
2026-07-23,GRANULES.NS,850.78,0.2377,OPEN,,,,,,
2026-07-23,GRWRHITECH.NS,6846.0,0.1837,OPEN,,,,,,
2026-07-23,GVT&D.NS,4317.81,0.1806,COMPLETED,2026-08-21,4127.2,-4.415,-4.915,,
2026-07-23,HFCL.NS,207.01,0.2968,COMPLETED,2026-08-21,228.01,10.144,9.644,,
2026-07-23,JAYNECOIND.NS,84.27,0.2006,OPEN,,,,,,
2026-07-23,JBCHEPHARM.NS,2408.9,0.2461,OPEN,,,,,,
2026-07-23,KIRLOSENG.NS,2174.4,0.3039,OPEN,,,,,,
2026-07-23,KTKBANK.NS,281.8,0.1975,COMPLETED,2026-08-21,328.3,16.501,16.001,,
2026-07-23,LAURUSLABS.NS,1568.3,0.2686,COMPLETED,2026-08-21,1802.0,14.901,14.401,,
2026-07-23,MTARTECH.NS,5875.0,0.3309,COMPLETED,2026-08-21,7029.5,19.651,19.151,,
2026-07-23,NATIONALUM.NS,346.0,0.199,COMPLETED,2026-08-21,394.45,14.003,13.503,,
2026-07-23,NAVINFLUOR.NS,7673.5,0.1855,OPEN,,,,,,
2026-07-23,NETWEB.NS,4241.16,0.2078,COMPLETED,2026-08-21,5601.0,32.063,31.563,,
2026-07-23,NYKAA.NS,324.8,0.2127,COMPLETED,2026-08-21,334.0,2.833,2.333,,
2026-07-23,PAISALO.NS,72.49,0.2801,COMPLETED,2026-08-21,69.79,-3.725,-4.225,,
2026-07-23,SHAILY.NS,2952.9,0.1876,COMPLETED,2026-08-21,3321.0,12.466,11.966,,
2026-07-23,SONACOMS.NS,719.75,0.1797,COMPLETED,2026-08-21,817.6,13.595,13.095,,
2026-07-23,STLTECH.NS,548.85,0.3866,COMPLETED,2026-08-21,627.15,14.266,13.766,,
2026-07-23,SYRMA.NS,1378.59,0.2211,COMPLETED,2026-08-21,1439.3,4.404,3.904,,
2026-07-23,TDPOWERSYS.NS,1138.84,0.2428,COMPLETED,2026-08-21,767.4,-32.616,-33.116,,
2026-07-23,TORNTPHARM.NS,5065.2,0.2261,COMPLETED,2026-08-21,4896.5,-3.331,-3.831,,
2026-07-23,WELCORP.NS,1612.8,0.2166,COMPLETED,2026-08-21,2311.9,43.347,42.847,,
2026-07-24,ACUTAAS.NS,3259.5,0.3004,OPEN,,,,,,
2026-07-24,ADANIENSOL.NS,1702.2,0.2264,OPEN,,,,,,
2026-07-24,ADANIPOWER.NS,213.66,0.21,OPEN,,,,,,
2026-07-24,AEGISLOG.NS,1349.6,0.2127,OPEN,,,,,,
2026-07-24,ANANDRATHI.NS,2042.1,0.2706,OPEN,,,,,,
2026-07-24,APOLLO.NS,394.3,0.2121,OPEN,,,,,,
2026-07-24,ARVIND.NS,527.2,0.1923,OPEN,,,,,,
2026-07-24,ASTRAMICRO.NS,1813.4,0.2231,OPEN,,,,,,
2026-07-24,BHARATFORG.NS,2151.6,0.2658,OPEN,,,,,,
2026-07-24,CEMPRO.NS,1441.0,0.1849,OPEN,,,,,,
2026-07-24,CUMMINSIND.NS,5600.5,0.2069,OPEN,,,,,,
2026-07-24,CUPID.NS,213.43,0.4133,OPEN,,,,,,
2026-07-24,FEDERALBNK.NS,353.09,0.2791,OPEN,,,,,,
2026-07-24,GRANULES.NS,831.82,0.2326,OPEN,,,,,,
2026-07-24,GRWRHITECH.NS,6903.0,0.1885,OPEN,,,,,,
2026-07-24,HFCL.NS,196.85,0.2782,OPEN,,,,,,
2026-07-24,JAYNECOIND.NS,86.76,0.2247,OPEN,,,,,,
2026-07-24,KARURVYSYA.NS,338.9,0.1715,OPEN,,,,,,
2026-07-24,KIRLOSENG.NS,2177.9,0.3118,OPEN,,,,,,
2026-07-24,KTKBANK.NS,279.7,0.1952,OPEN,,,,,,
2026-07-24,LAURUSLABS.NS,1601.2,0.2757,OPEN,,,,,,
2026-07-24,MCX.NS,2730.0,0.1722,OPEN,,,,,,
2026-07-24,MTARTECH.NS,5805.0,0.3322,OPEN,,,,,,
2026-07-24,NATIONALUM.NS,343.9,0.1874,OPEN,,,,,,
2026-07-24,NAVINFLUOR.NS,7520.0,0.1855,OPEN,,,,,,
2026-07-24,NETWEB.NS,4153.41,0.2072,OPEN,,,,,,
2026-07-24,NYKAA.NS,322.8,0.2054,OPEN,,,,,,
2026-07-24,PAISALO.NS,70.17,0.2709,OPEN,,,,,,
2026-07-24,SHAILY.NS,2969.7,0.1851,OPEN,,,,,,
2026-07-24,SONACOMS.NS,717.95,0.1722,OPEN,,,,,,
2026-07-24,STLTECH.NS,564.15,0.3901,OPEN,,,,,,
2026-07-24,SYRMA.NS,1286.98,0.1937,OPEN,,,,,,
2026-07-24,TDPOWERSYS.NS,1113.06,0.2379,OPEN,,,,,,
2026-07-24,TORNTPHARM.NS,4961.5,0.2117,OPEN,,,,,,
2026-07-24,WELCORP.NS,1596.9,0.2102,OPEN,,,,,,
2026-07-27,ACUTAAS.NS,3367.8,0.3125,OPEN,,,,,,
2026-07-27,ADANIENSOL.NS,1703.3,0.2281,OPEN,,,,,,
2026-07-27,ADANIPOWER.NS,213.96,0.2135,OPEN,,,,,,
2026-07-27,AEGISLOG.NS,1291.3,0.1906,OPEN,,,,,,
2026-07-27,ANANDRATHI.NS,2052.1,0.2687,OPEN,,,,,,
2026-07-27,APOLLO.NS,392.95,0.2075,OPEN,,,,,,
2026-07-27,ARVIND.NS,523.45,0.1923,OPEN,,,,,,
2026-07-27,ASTRAMICRO.NS,1801.8,0.218,OPEN,,,,,,
2026-07-27,BHARATFORG.NS,2181.3,0.2703,OPEN,,,,,,
2026-07-27,CUMMINSIND.NS,5629.5,0.2126,OPEN,,,,,,
2026-07-27,CUPID.NS,221.46,0.4183,OPEN,,,,,,
2026-07-27,FEDERALBNK.NS,355.29,0.283,OPEN,,,,,,
2026-07-27,GRANULES.NS,841.05,0.2384,OPEN,,,,,,
2026-07-27,GRWRHITECH.NS,7160.0,0.194,OPEN,,,,,,
2026-07-27,HFCL.NS,192.54,0.2767,OPEN,,,,,,
2026-07-27,J&KBANK.NS,177.51,0.1807,OPEN,,,,,,
2026-07-27,JAYNECOIND.NS,87.58,0.2393,OPEN,,,,,,
2026-07-27,KIRLOSENG.NS,2278.28,0.3258,OPEN,,,,,,
2026-07-27,KTKBANK.NS,285.55,0.2054,OPEN,,,,,,
2026-07-27,LAURUSLABS.NS,1713.4,0.3059,OPEN,,,,,,
2026-07-27,MCX.NS,2755.1,0.1783,OPEN,,,,,,
2026-07-27,MOTHERSON.NS,148.97,0.1749,OPEN,,,,,,
2026-07-27,MTARTECH.NS,5754.5,0.3301,OPEN,,,,,,
2026-07-27,NATIONALUM.NS,339.35,0.1815,OPEN,,,,,,
2026-07-27,NAVINFLUOR.NS,7711.0,0.1873,OPEN,,,,,,
2026-07-27,NETWEB.NS,4359.48,0.2179,OPEN,,,,,,
2026-07-27,NYKAA.NS,326.75,0.2003,OPEN,,,,,,
2026-07-27,PAISALO.NS,70.44,0.264,OPEN,,,,,,
2026-07-27,SHAILY.NS,3049.7,0.1981,OPEN,,,,,,
2026-07-27,SONACOMS.NS,720.9,0.1878,OPEN,,,,,,
2026-07-27,STLTECH.NS,555.4,0.3814,OPEN,,,,,,
2026-07-27,SYRMA.NS,1314.85,0.1992,OPEN,,,,,,
2026-07-27,TDPOWERSYS.NS,1140.94,0.2467,OPEN,,,,,,
2026-07-27,TORNTPHARM.NS,5019.5,0.2216,OPEN,,,,,,
2026-07-27,WELCORP.NS,1599.8,0.2173,OPEN,,,,,,
2026-07-28,ACUTAAS.NS,3297.7,0.3043,OPEN,,,,,,
2026-07-28,ADANIENSOL.NS,1649.5,0.2184,OPEN,,,,,,
2026-07-28,ADANIPOWER.NS,208.25,0.2051,OPEN,,,,,,
2026-07-28,AEGISLOG.NS,1270.4,0.1877,OPEN,,,,,,
2026-07-28,ANANDRATHI.NS,2037.9,0.2559,OPEN,,,,,,
2026-07-28,APOLLO.NS,378.75,0.2025,OPEN,,,,,,
2026-07-28,ARVIND.NS,511.35,0.1852,OPEN,,,,,,
2026-07-28,ASTRAMICRO.NS,1704.1,0.1957,OPEN,,,,,,
2026-07-28,BHARATFORG.NS,2162.7,0.2726,OPEN,,,,,,
2026-07-28,CUMMINSIND.NS,5455.5,0.1933,OPEN,,,,,,
2026-07-28,CUPID.NS,231.83,0.4279,OPEN,,,,,,
2026-07-28,FEDERALBNK.NS,356.03,0.2831,OPEN,,,,,,
2026-07-28,GRANULES.NS,843.64,0.2587,OPEN,,,,,,
2026-07-28,GRWRHITECH.NS,7120.5,0.1957,OPEN,,,,,,
2026-07-28,HFCL.NS,188.39,0.2692,OPEN,,,,,,
2026-07-28,J&KBANK.NS,177.3,0.1746,OPEN,,,,,,
2026-07-28,JAYNECOIND.NS,88.36,0.1964,OPEN,,,,,,
2026-07-28,KIRLOSENG.NS,2187.57,0.313,OPEN,,,,,,
2026-07-28,KTKBANK.NS,276.75,0.1922,OPEN,,,,,,
2026-07-28,LAURUSLABS.NS,1758.9,0.3166,OPEN,,,,,,
2026-07-28,MTARTECH.NS,5467.0,0.3174,OPEN,,,,,,
2026-07-28,NATIONALUM.NS,334.55,0.1758,OPEN,,,,,,
2026-07-28,NAVINFLUOR.NS,7512.5,0.1748,OPEN,,,,,,
2026-07-28,NETWEB.NS,4392.96,0.2127,OPEN,,,,,,
2026-07-28,NYKAA.NS,329.6,0.2069,OPEN,,,,,,
2026-07-28,PAISALO.NS,71.14,0.2614,OPEN,,,,,,
2026-07-28,RADICO.NS,4289.7,0.1821,OPEN,,,,,,
2026-07-28,SAILIFE.NS,1300.5,0.1721,OPEN,,,,,,
2026-07-28,SHAILY.NS,3051.8,0.1978,OPEN,,,,,,
2026-07-28,STLTECH.NS,530.05,0.3721,OPEN,,,,,,
2026-07-28,SYRMA.NS,1304.67,0.2014,OPEN,,,,,,
2026-07-28,TDPOWERSYS.NS,1114.26,0.2436,OPEN,,,,,,
2026-07-28,TORNTPHARM.NS,4898.3,0.1967,OPEN,,,,,,
2026-07-28,TVSMOTOR.NS,3993.5,0.1703,OPEN,,,,,,
2026-07-28,WELCORP.NS,1643.1,0.2253,OPEN,,,,,,
2026-07-29,ACUTAAS.NS,3306.2,0.3069,OPEN,,,,,,
2026-07-29,ADANIENSOL.NS,1667.8,0.2267,OPEN,,,,,,
2026-07-29,ADANIPOWER.NS,209.52,0.2086,OPEN,,,,,,
2026-07-29,AEGISLOG.NS,1282.6,0.19,OPEN,,,,,,
2026-07-29,ANANDRATHI.NS,2035.0,0.2698,OPEN,,,,,,
2026-07-29,APOLLO.NS,383.1,0.2179,OPEN,,,,,,
2026-07-29,ARVIND.NS,517.35,0.1853,OPEN,,,,,,
2026-07-29,ASTRAMICRO.NS,1773.8,0.2142,OPEN,,,,,,
2026-07-29,BHARATFORG.NS,2171.5,0.2675,OPEN,,,,,,
2026-07-29,CEMPRO.NS,1341.6,0.1742,OPEN,,,,,,
2026-07-29,CUMMINSIND.NS,5383.0,0.194,OPEN,,,,,,
2026-07-29,CUPID.NS,233.77,0.4298,OPEN,,,,,,
2026-07-29,FEDERALBNK.NS,357.93,0.2861,OPEN,,,,,,
2026-07-29,GRANULES.NS,840.1,0.258,OPEN,,,,,,
2026-07-29,GRWRHITECH.NS,6967.5,0.1846,OPEN,,,,,,
2026-07-29,HFCL.NS,193.56,0.2818,OPEN,,,,,,
2026-07-29,JAYNECOIND.NS,88.81,0.183,OPEN,,,,,,
2026-07-29,KIRLOSENG.NS,2176.3,0.3091,OPEN,,,,,,
2026-07-29,KTKBANK.NS,279.0,0.197,OPEN,,,,,,
2026-07-29,LAURUSLABS.NS,1781.3,0.315,OPEN,,,,,,
2026-07-29,MTARTECH.NS,5194.0,0.3051,OPEN,,,,,,
2026-07-29,NATIONALUM.NS,344.7,0.1829,OPEN,,,,,,
2026-07-29,NAVINFLUOR.NS,7594.5,0.1744,OPEN,,,,,,
2026-07-29,NETWEB.NS,4361.38,0.21,OPEN,,,,,,
2026-07-29,NYKAA.NS,327.5,0.2109,OPEN,,,,,,
2026-07-29,PAISALO.NS,71.39,0.2349,OPEN,,,,,,
2026-07-29,RADICO.NS,4373.8,0.1888,OPEN,,,,,,
2026-07-29,SHAILY.NS,3044.2,0.1982,OPEN,,,,,,
2026-07-29,STARHEALTH.NS,598.85,0.1945,OPEN,,,,,,
2026-07-29,STLTECH.NS,519.95,0.374,OPEN,,,,,,
2026-07-29,SYRMA.NS,1342.03,0.2067,OPEN,,,,,,
2026-07-29,TDPOWERSYS.NS,1035.49,0.2208,OPEN,,,,,,
2026-07-29,TORNTPHARM.NS,4878.5,0.2,OPEN,,,,,,
2026-07-29,TVSMOTOR.NS,4075.6,0.1798,OPEN,,,,,,
2026-07-29,WELCORP.NS,1697.0,0.2454,OPEN,,,,,,
2026-07-30,ACUTAAS.NS,3233.8,0.3051,OPEN,,,,,,
2026-07-30,ADANIENSOL.NS,1659.0,0.2391,OPEN,,,,,,
2026-07-30,ADANIPOWER.NS,208.97,0.2171,OPEN,,,,,,
2026-07-30,ANANDRATHI.NS,2039.3,0.2796,OPEN,,,,,,
2026-07-30,APOLLO.NS,378.1,0.2149,OPEN,,,,,,
2026-07-30,ASTRAMICRO.NS,1726.0,0.2035,OPEN,,,,,,
2026-07-30,BHARATFORG.NS,2164.7,0.2685,OPEN,,,,,,
2026-07-30,CHENNPETRO.NS,1186.46,0.1858,OPEN,,,,,,
2026-07-30,CUMMINSIND.NS,5396.0,0.1982,OPEN,,,,,,
2026-07-30,CUPID.NS,228.94,0.4247,OPEN,,,,,,
2026-07-30,FEDERALBNK.NS,352.94,0.2918,OPEN,,,,,,
2026-07-30,GRANULES.NS,833.95,0.2545,OPEN,,,,,,
2026-07-30,GRWRHITECH.NS,6897.0,0.1875,OPEN,,,,,,
2026-07-30,HFCL.NS,184.69,0.2799,OPEN,,,,,,
2026-07-30,JAYNECOIND.NS,86.94,0.2028,OPEN,,,,,,
2026-07-30,KARURVYSYA.NS,340.3,0.1873,OPEN,,,,,,
2026-07-30,KIRLOSENG.NS,2128.4,0.2933,OPEN,,,,,,
2026-07-30,KTKBANK.NS,290.75,0.2162,OPEN,,,,,,
2026-07-30,LAURUSLABS.NS,1781.3,0.3144,OPEN,,,,,,
2026-07-30,MTARTECH.NS,5453.5,0.3175,OPEN,,,,,,
2026-07-30,NATIONALUM.NS,347.65,0.1929,OPEN,,,,,,
2026-07-30,NETWEB.NS,4192.59,0.2053,OPEN,,,,,,
2026-07-30,NYKAA.NS,333.75,0.2274,OPEN,,,,,,
2026-07-30,PAISALO.NS,71.06,0.2748,OPEN,,,,,,
2026-07-30,RADICO.NS,4366.6,0.1924,OPEN,,,,,,
2026-07-30,SHAILY.NS,3029.1,0.204,OPEN,,,,,,
2026-07-30,SONACOMS.NS,763.75,0.2197,OPEN,,,,,,
2026-07-30,STARHEALTH.NS,610.4,0.2119,OPEN,,,,,,
2026-07-30,STLTECH.NS,530.55,0.3739,OPEN,,,,,,
2026-07-30,SYRMA.NS,1376.39,0.2051,OPEN,,,,,,
2026-07-30,TDPOWERSYS.NS,1056.68,0.232,OPEN,,,,,,
2026-07-30,TORNTPHARM.NS,4872.1,0.186,OPEN,,,,,,
2026-07-30,TVSMOTOR.NS,4208.4,0.1974,OPEN,,,,,,
2026-07-30,WELCORP.NS,1655.0,0.2398,OPEN,,,,,,
2026-07-31,ABCAPITAL.NS,404.3,0.1966,OPEN,,,,,,
2026-07-31,ACUTAAS.NS,3104.9,0.294,OPEN,,,,,,
2026-07-31,ADANIENSOL.NS,1645.4,0.2371,OPEN,,,,,,
2026-07-31,ADANIPOWER.NS,211.31,0.2202,OPEN,,,,,,
2026-07-31,AEGISLOG.NS,1280.8,0.1962,OPEN,,,,,,
2026-07-31,ANANDRATHI.NS,2073.7,0.2788,OPEN,,,,,,
2026-07-31,APOLLO.NS,389.9,0.2094,OPEN,,,,,,
2026-07-31,ASTRAMICRO.NS,1861.6,0.2315,OPEN,,,,,,
2026-07-31,BHARATFORG.NS,2199.8,0.2801,OPEN,,,,,,
2026-07-31,CEMPRO.NS,1367.8,0.2032,OPEN,,,,,,
2026-07-31,CUMMINSIND.NS,5519.0,0.2084,OPEN,,,,,,
2026-07-31,CUPID.NS,230.62,0.424,OPEN,,,,,,
2026-07-31,FEDERALBNK.NS,357.63,0.3041,OPEN,,,,,,
2026-07-31,GRANULES.NS,824.65,0.2568,OPEN,,,,,,
2026-07-31,GRWRHITECH.NS,7151.5,0.2068,OPEN,,,,,,
2026-07-31,HFCL.NS,193.92,0.2922,OPEN,,,,,,
2026-07-31,JAYNECOIND.NS,86.03,0.2053,OPEN,,,,,,
2026-07-31,KIRLOSENG.NS,2189.8,0.3117,OPEN,,,,,,
2026-07-31,KTKBANK.NS,284.75,0.214,OPEN,,,,,,
2026-07-31,LAURUSLABS.NS,1816.2,0.2979,OPEN,,,,,,
2026-07-31,MTARTECH.NS,5726.0,0.3336,OPEN,,,,,,
2026-07-31,NATIONALUM.NS,350.05,0.2041,OPEN,,,,,,
2026-07-31,NETWEB.NS,4521.18,0.2354,OPEN,,,,,,
2026-07-31,NYKAA.NS,333.4,0.2351,OPEN,,,,,,
2026-07-31,PAISALO.NS,71.2,0.2854,OPEN,,,,,,
2026-07-31,SHAILY.NS,3061.4,0.2142,OPEN,,,,,,
2026-07-31,SONACOMS.NS,769.4,0.2259,OPEN,,,,,,
2026-07-31,STARHEALTH.NS,601.0,0.2046,OPEN,,,,,,
2026-07-31,STLTECH.NS,557.05,0.3669,OPEN,,,,,,
2026-07-31,SYRMA.NS,1365.4,0.196,OPEN,,,,,,
2026-07-31,TDPOWERSYS.NS,1130.45,0.2499,OPEN,,,,,,
2026-07-31,TORNTPHARM.NS,5122.8,0.2118,OPEN,,,,,,
2026-07-31,TVSMOTOR.NS,4313.1,0.2043,OPEN,,,,,,
2026-07-31,WELCORP.NS,1650.6,0.2496,OPEN,,,,,,
2026-08-03,ABCAPITAL.NS,424.35,0.2173,OPEN,,,,,,
2026-08-03,ACUTAAS.NS,3116.4,0.2905,OPEN,,,,,,
2026-08-03,ADANIENSOL.NS,1647.0,0.2333,OPEN,,,,,,
2026-08-03,ADANIPOWER.NS,213.65,0.2117,OPEN,,,,,,
2026-08-03,AEGISLOG.NS,1388.3,0.2224,OPEN,,,,,,
2026-08-03,ANANDRATHI.NS,2058.7,0.2648,OPEN,,,,,,
2026-08-03,APOLLO.NS,397.35,0.2181,OPEN,,,,,,
2026-08-03,ARVIND.NS,528.95,0.1987,OPEN,,,,,,
2026-08-03,ASTRAMICRO.NS,1848.8,0.2305,OPEN,,,,,,
2026-08-03,BHARATFORG.NS,2211.0,0.288,OPEN,,,,,,
2026-08-03,CHENNPETRO.NS,1270.11,0.197,OPEN,,,,,,
2026-08-03,CUMMINSIND.NS,5550.0,0.21,OPEN,,,,,,
2026-08-03,CUPID.NS,230.95,0.4225,OPEN,,,,,,
2026-08-03,FEDERALBNK.NS,370.43,0.3243,OPEN,,,,,,
2026-08-03,GRANULES.NS,843.2,0.2716,OPEN,,,,,,
2026-08-03,GRWRHITECH.NS,7182.0,0.2041,OPEN,,,,,,
2026-08-03,HFCL.NS,202.52,0.2962,OPEN,,,,,,
2026-08-03,KARURVYSYA.NS,348.1,0.196,OPEN,,,,,,
2026-08-03,KIRLOSENG.NS,2225.2,0.3211,OPEN,,,,,,
2026-08-03,KTKBANK.NS,289.45,0.2233,OPEN,,,,,,
2026-08-03,LAURUSLABS.NS,1811.4,0.2879,OPEN,,,,,,
2026-08-03,MTARTECH.NS,6012.0,0.3414,OPEN,,,,,,
2026-08-03,NATIONALUM.NS,369.0,0.216,OPEN,,,,,,
2026-08-03,NETWEB.NS,4583.14,0.2211,OPEN,,,,,,
2026-08-03,NYKAA.NS,344.9,0.2474,OPEN,,,,,,
2026-08-03,PAISALO.NS,72.29,0.2932,OPEN,,,,,,
2026-08-03,PARAS.NS,1292.3,0.2111,OPEN,,,,,,
2026-08-03,RADICO.NS,4459.1,0.2063,OPEN,,,,,,
2026-08-03,SONACOMS.NS,785.0,0.2299,OPEN,,,,,,
2026-08-03,STLTECH.NS,584.9,0.3751,OPEN,,,,,,
2026-08-03,SYRMA.NS,1359.21,0.1949,OPEN,,,,,,
2026-08-03,TDPOWERSYS.NS,1111.86,0.234,OPEN,,,,,,
2026-08-03,TVSMOTOR.NS,4389.0,0.2114,OPEN,,,,,,
2026-08-03,WELCORP.NS,1715.3,0.2384,OPEN,,,,,,
2026-08-04,ABCAPITAL.NS,420.0,0.2189,OPEN,,,,,,
2026-08-04,ACUTAAS.NS,3224.3,0.2876,OPEN,,,,,,
2026-08-04,ADANIENSOL.NS,1646.0,0.2342,OPEN,,,,,,
2026-08-04,ADANIPOWER.NS,209.95,0.2076,OPEN,,,,,,
2026-08-04,AEGISLOG.NS,1357.9,0.2187,OPEN,,,,,,
2026-08-04,ANANDRATHI.NS,2034.0,0.2609,OPEN,,,,,,
2026-08-04,APOLLO.NS,398.2,0.2268,OPEN,,,,,,
2026-08-04,ARVIND.NS,547.35,0.212,OPEN,,,,,,
2026-08-04,ASTRAMICRO.NS,1835.4,0.2262,OPEN,,,,,,
2026-08-04,BHARATFORG.NS,2195.0,0.2735,OPEN,,,,,,
2026-08-04,CHENNPETRO.NS,1270.3,0.1991,OPEN,,,,,,
2026-08-04,CUMMINSIND.NS,5550.0,0.2045,OPEN,,,,,,
2026-08-04,CUPID.NS,237.99,0.429,OPEN,,,,,,
2026-08-04,FEDERALBNK.NS,361.22,0.3085,OPEN,,,,,,
2026-08-04,GRANULES.NS,825.7,0.2373,OPEN,,,,,,
2026-08-04,GRWRHITECH.NS,7326.0,0.2088,OPEN,,,,,,
2026-08-04,HFCL.NS,202.78,0.3026,OPEN,,,,,,
2026-08-04,KIRLOSENG.NS,2273.9,0.3217,OPEN,,,,,,
2026-08-04,KTKBANK.NS,296.05,0.2361,OPEN,,,,,,
2026-08-04,LAURUSLABS.NS,1850.0,0.3124,OPEN,,,,,,
2026-08-04,MTARTECH.NS,6312.5,0.3522,OPEN,,,,,,
2026-08-04,NATIONALUM.NS,377.0,0.2255,OPEN,,,,,,
2026-08-04,NETWEB.NS,4759.23,0.2239,OPEN,,,,,,
2026-08-04,NYKAA.NS,342.5,0.2368,OPEN,,,,,,
2026-08-04,PAISALO.NS,71.11,0.2872,OPEN,,,,,,
2026-08-04,PARAS.NS,1300.3,0.2084,OPEN,,,,,,
2026-08-04,RADICO.NS,4450.0,0.2046,OPEN,,,,,,
2026-08-04,SHAILY.NS,3075.7,0.2028,OPEN,,,,,,
2026-08-04,SONACOMS.NS,787.0,0.2396,OPEN,,,,,,
2026-08-04,STLTECH.NS,604.45,0.3954,OPEN,,,,,,
2026-08-04,SYRMA.NS,1420.15,0.2012,OPEN,,,,,,
2026-08-04,TDPOWERSYS.NS,1126.95,0.2238,OPEN,,,,,,
2026-08-04,TVSMOTOR.NS,4360.0,0.2098,OPEN,,,,,,
2026-08-04,WELCORP.NS,1736.6,0.2363,OPEN,,,,,,
2026-08-05,ABCAPITAL.NS,424.7,0.2112,OPEN,,,,,,
2026-08-05,ACUTAAS.NS,3282.8,0.2689,OPEN,,,,,,
2026-08-05,ADANIENSOL.NS,1642.0,0.2395,OPEN,,,,,,
2026-08-05,ADANIPOWER.NS,208.99,0.207,OPEN,,,,,,
2026-08-05,AEGISLOG.NS,1395.8,0.2278,OPEN,,,,,,
2026-08-05,ANANDRATHI.NS,2037.6,0.2676,OPEN,,,,,,
2026-08-05,APOLLO.NS,399.05,0.2247,OPEN,,,,,,
2026-08-05,ARVIND.NS,545.1,0.2325,OPEN,,,,,,
2026-08-05,ASTRAMICRO.NS,1809.4,0.2241,OPEN,,,,,,
2026-08-05,BHARATFORG.NS,2197.1,0.2878,OPEN,,,,,,
2026-08-05,CHENNPETRO.NS,1249.42,0.2013,OPEN,,,,,,
2026-08-05,CUPID.NS,252.11,0.4397,OPEN,,,,,,
2026-08-05,FEDERALBNK.NS,355.24,0.3046,OPEN,,,,,,
2026-08-05,GRANULES.NS,845.1,0.2456,OPEN,,,,,,
2026-08-05,GRWRHITECH.NS,7409.5,0.2209,OPEN,,,,,,
2026-08-05,HFCL.NS,212.23,0.3207,OPEN,,,,,,
2026-08-05,HINDCOPPER.NS,533.8,0.2157,OPEN,,,,,,
2026-08-05,KIRLOSENG.NS,2241.4,0.3181,OPEN,,,,,,
2026-08-05,KTKBANK.NS,299.65,0.2443,OPEN,,,,,,
2026-08-05,LAURUSLABS.NS,1835.0,0.3124,OPEN,,,,,,
2026-08-05,MTARTECH.NS,6628.0,0.3657,OPEN,,,,,,
2026-08-05,NATIONALUM.NS,381.0,0.2313,OPEN,,,,,,
2026-08-05,NETWEB.NS,4890.75,0.229,OPEN,,,,,,
2026-08-05,NYKAA.NS,335.35,0.2361,OPEN,,,,,,
2026-08-05,PAISALO.NS,69.14,0.28,OPEN,,,,,,
2026-08-05,PARAS.NS,1295.3,0.2177,OPEN,,,,,,
2026-08-05,RADICO.NS,4550.0,0.2095,OPEN,,,,,,
2026-08-05,SAILIFE.NS,1394.3,0.2012,OPEN,,,,,,
2026-08-05,SHAILY.NS,3176.2,0.2165,OPEN,,,,,,
2026-08-05,SONACOMS.NS,814.6,0.2662,OPEN,,,,,,
2026-08-05,STLTECH.NS,634.65,0.4108,OPEN,,,,,,
2026-08-05,SYRMA.NS,1432.63,0.2061,OPEN,,,,,,
2026-08-05,TDPOWERSYS.NS,1201.9,0.2429,OPEN,,,,,,
2026-08-05,TVSMOTOR.NS,4455.2,0.218,OPEN,,,,,,
2026-08-05,WELCORP.NS,1788.1,0.2505,OPEN,,,,,,
2026-08-06,ABCAPITAL.NS,421.5,0.2167,OPEN,,,,,,
2026-08-06,ACUTAAS.NS,3260.6,0.2739,OPEN,,,,,,
2026-08-06,ADANIENSOL.NS,1620.0,0.2415,OPEN,,,,,,
2026-08-06,ADANIPOWER.NS,208.12,0.2191,OPEN,,,,,,
2026-08-06,AEGISLOG.NS,1400.0,0.2298,OPEN,,,,,,
2026-08-06,ANANDRATHI.NS,2071.5,0.2888,OPEN,,,,,,
2026-08-06,APOLLO.NS,403.95,0.2321,OPEN,,,,,,
2026-08-06,ARVIND.NS,546.1,0.2337,OPEN,,,,,,
2026-08-06,ASTRAMICRO.NS,1802.2,0.2277,OPEN,,,,,,
2026-08-06,BHARATFORG.NS,2210.0,0.2982,OPEN,,,,,,
2026-08-06,CHENNPETRO.NS,1238.3,0.2079,OPEN,,,,,,
2026-08-06,CUPID.NS,262.61,0.4384,OPEN,,,,,,
2026-08-06,FEDERALBNK.NS,352.35,0.3241,OPEN,,,,,,
2026-08-06,GRANULES.NS,838.65,0.2598,OPEN,,,,,,
2026-08-06,GRWRHITECH.NS,7338.5,0.2293,OPEN,,,,,,
2026-08-06,HFCL.NS,203.67,0.3164,OPEN,,,,,,
2026-08-06,HINDCOPPER.NS,545.95,0.2272,OPEN,,,,,,
2026-08-06,KIRLOSENG.NS,2248.9,0.3223,OPEN,,,,,,
2026-08-06,KTKBANK.NS,306.8,0.2595,OPEN,,,,,,
2026-08-06,LAURUSLABS.NS,1830.0,0.3262,OPEN,,,,,,
2026-08-06,MTARTECH.NS,6959.0,0.3823,OPEN,,,,,,
2026-08-06,NATIONALUM.NS,381.0,0.2382,OPEN,,,,,,
2026-08-06,NAVINFLUOR.NS,8650.0,0.227,OPEN,,,,,,
2026-08-06,NETWEB.NS,4813.0,0.2146,OPEN,,,,,,
2026-08-06,NYKAA.NS,331.95,0.2305,OPEN,,,,,,
2026-08-06,PAISALO.NS,68.98,0.2856,OPEN,,,,,,
2026-08-06,PARAS.NS,1316.7,0.2374,OPEN,,,,,,
2026-08-06,SAILIFE.NS,1413.5,0.215,OPEN,,,,,,
2026-08-06,SHAILY.NS,3366.3,0.2296,OPEN,,,,,,
2026-08-06,SHILPAMED.NS,738.8,0.2134,OPEN,,,,,,
2026-08-06,SONACOMS.NS,792.0,0.2655,OPEN,,,,,,
2026-08-06,STLTECH.NS,633.85,0.4189,OPEN,,,,,,
2026-08-06,SYRMA.NS,1416.55,0.2058,OPEN,,,,,,
2026-08-06,TDPOWERSYS.NS,1227.7,0.2505,OPEN,,,,,,
2026-08-06,WELCORP.NS,1819.6,0.2724,OPEN,,,,,,
2026-08-07,ACUTAAS.NS,3297.9,0.2712,OPEN,,,,,,
2026-08-07,ADANIENSOL.NS,1630.1,0.2409,OPEN,,,,,,
2026-08-07,ADANIPOWER.NS,209.0,0.211,OPEN,,,,,,
2026-08-07,AEGISLOG.NS,1371.0,0.2287,OPEN,,,,,,
2026-08-07,ANANDRATHI.NS,2101.5,0.2865,OPEN,,,,,,
2026-08-07,APOLLO.NS,403.85,0.2283,OPEN,,,,,,
2026-08-07,ARVIND.NS,560.55,0.2432,OPEN,,,,,,
2026-08-07,ASTRAMICRO.NS,1840.0,0.23,OPEN,,,,,,
2026-08-07,AUROPHARMA.NS,1658.0,0.2075,OPEN,,,,,,
2026-08-07,BHARATFORG.NS,2265.2,0.3191,OPEN,,,,,,
2026-08-07,CHENNPETRO.NS,1275.4,0.2185,OPEN,,,,,,
2026-08-07,CUPID.NS,262.13,0.427,OPEN,,,,,,
2026-08-07,FEDERALBNK.NS,355.04,0.3269,OPEN,,,,,,
2026-08-07,GRANULES.NS,873.85,0.3113,OPEN,,,,,,
2026-08-07,GRWRHITECH.NS,6973.0,0.2133,OPEN,,,,,,
2026-08-07,HFCL.NS,207.98,0.3157,OPEN,,,,,,
2026-08-07,HINDCOPPER.NS,536.1,0.2163,OPEN,,,,,,
2026-08-07,KIRLOSENG.NS,2161.7,0.3204,OPEN,,,,,,
2026-08-07,KTKBANK.NS,310.0,0.2593,OPEN,,,,,,
2026-08-07,LAURUSLABS.NS,1844.3,0.3237,OPEN,,,,,,
2026-08-07,MOTHERSON.NS,168.5,0.2192,OPEN,,,,,,
2026-08-07,MTARTECH.NS,7085.5,0.3833,OPEN,,,,,,
2026-08-07,NATIONALUM.NS,381.0,0.2285,OPEN,,,,,,
2026-08-07,NAVINFLUOR.NS,8271.0,0.2083,OPEN,,,,,,
2026-08-07,NEULANDLAB.NS,22855.0,0.2164,OPEN,,,,,,
2026-08-07,NYKAA.NS,332.0,0.2243,OPEN,,,,,,
2026-08-07,PAISALO.NS,68.68,0.2811,OPEN,,,,,,
2026-08-07,PARAS.NS,1277.1,0.2239,OPEN,,,,,,
2026-08-07,SHILPAMED.NS,759.75,0.2256,OPEN,,,,,,
2026-08-07,SONACOMS.NS,818.05,0.2739,OPEN,,,,,,
2026-08-07,STLTECH.NS,638.9,0.4153,OPEN,,,,,,
2026-08-07,SYRMA.NS,1423.24,0.2146,OPEN,,,,,,
2026-08-07,TDPOWERSYS.NS,1260.9,0.2537,OPEN,,,,,,
2026-08-07,WELCORP.NS,1839.8,0.2806,OPEN,,,,,,
2026-08-10,ACUTAAS.NS,3282.0,0.2664,OPEN,,,,,,
2026-08-10,ADANIENSOL.NS,1632.0,0.2403,OPEN,,,,,,
2026-08-10,ADANIPOWER.NS,210.65,0.2157,OPEN,,,,,,
2026-08-10,AEGISLOG.NS,1333.7,0.2096,OPEN,,,,,,
2026-08-10,ANANDRATHI.NS,2131.5,0.2972,OPEN,,,,,,
2026-08-10,APOLLO.NS,388.25,0.2111,OPEN,,,,,,
2026-08-10,ARVIND.NS,550.65,0.2388,OPEN,,,,,,
2026-08-10,ASTRAMICRO.NS,1734.7,0.2091,OPEN,,,,,,
2026-08-10,BHARATFORG.NS,2093.1,0.2457,OPEN,,,,,,
2026-08-10,CHENNPETRO.NS,1240.1,0.2148,OPEN,,,,,,
2026-08-10,CUPID.NS,262.71,0.4342,OPEN,,,,,,
2026-08-10,FEDERALBNK.NS,357.13,0.3309,OPEN,,,,,,
2026-08-10,GRANULES.NS,855.15,0.2981,OPEN,,,,,,
2026-08-10,GRWRHITECH.NS,7001.0,0.2149,OPEN,,,,,,
2026-08-10,HFCL.NS,212.97,0.3257,OPEN,,,,,,
2026-08-10,KIRLOSENG.NS,2131.2,0.3119,OPEN,,,,,,
2026-08-10,KTKBANK.NS,305.25,0.2563,OPEN,,,,,,
2026-08-10,LAURUSLABS.NS,1854.0,0.3274,OPEN,,,,,,
2026-08-10,MOTHERSON.NS,167.99,0.2215,OPEN,,,,,,
2026-08-10,MTARTECH.NS,6940.0,0.3576,OPEN,,,,,,
2026-08-10,NATIONALUM.NS,382.7,0.2295,OPEN,,,,,,
2026-08-10,NETWEB.NS,4903.0,0.2114,OPEN,,,,,,
2026-08-10,NEULANDLAB.NS,22216.0,0.2127,OPEN,,,,,,
2026-08-10,NYKAA.NS,323.7,0.2138,OPEN,,,,,,
2026-08-10,PAISALO.NS,69.94,0.281,OPEN,,,,,,
2026-08-10,PARAS.NS,1267.5,0.2178,OPEN,,,,,,
2026-08-10,SAILIFE.NS,1426.2,0.2135,OPEN,,,,,,
2026-08-10,SHAILY.NS,3367.4,0.2153,OPEN,,,,,,
2026-08-10,SHILPAMED.NS,807.55,0.2425,OPEN,,,,,,
2026-08-10,SONACOMS.NS,812.5,0.2675,OPEN,,,,,,
2026-08-10,STLTECH.NS,637.75,0.401,OPEN,,,,,,
2026-08-10,SYRMA.NS,1514.85,0.2374,OPEN,,,,,,
2026-08-10,TDPOWERSYS.NS,1236.4,0.2522,OPEN,,,,,,
2026-08-10,WELCORP.NS,1848.5,0.2863,OPEN,,,,,,
2026-08-11,ACUTAAS.NS,3246.0,0.2691,OPEN,,,,,,
2026-08-11,ADANIENSOL.NS,1622.0,0.2428,OPEN,,,,,,
2026-08-11,ADANIPOWER.NS,209.0,0.2203,OPEN,,,,,,
2026-08-11,ANANDRATHI.NS,2158.0,0.3058,OPEN,,,,,,
2026-08-11,APOLLO.NS,388.7,0.2089,OPEN,,,,,,
2026-08-11,ARVIND.NS,567.65,0.2558,OPEN,,,,,,
2026-08-11,BHARATFORG.NS,2051.0,0.2428,OPEN,,,,,,
2026-08-11,CHENNPETRO.NS,1426.1,0.2553,OPEN,,,,,,
2026-08-11,CUPID.NS,276.65,0.4384,OPEN,,,,,,
2026-08-11,FEDERALBNK.NS,353.34,0.3217,OPEN,,,,,,
2026-08-11,GLAND.NS,2924.4,0.2133,OPEN,,,,,,
2026-08-11,GRANULES.NS,861.0,0.3062,OPEN,,,,,,
2026-08-11,GRWRHITECH.NS,7020.5,0.2235,OPEN,,,,,,
2026-08-11,HFCL.NS,214.24,0.3316,OPEN,,,,,,
2026-08-11,HINDCOPPER.NS,533.3,0.2142,OPEN,,,,,,
2026-08-11,KIRLOSENG.NS,2101.5,0.3147,OPEN,,,,,,
2026-08-11,KTKBANK.NS,302.85,0.263,OPEN,,,,,,
2026-08-11,LAURUSLABS.NS,1858.0,0.3407,OPEN,,,,,,
2026-08-11,MCX.NS,2895.0,0.2095,OPEN,,,,,,
2026-08-11,MOTHERSON.NS,169.26,0.2324,OPEN,,,,,,
2026-08-11,MTARTECH.NS,6893.0,0.3618,OPEN,,,,,,
2026-08-11,NATIONALUM.NS,388.0,0.2313,OPEN,,,,,,
2026-08-11,NETWEB.NS,4859.8,0.2193,OPEN,,,,,,
2026-08-11,NEULANDLAB.NS,22955.0,0.2245,OPEN,,,,,,
2026-08-11,NYKAA.NS,325.0,0.2218,OPEN,,,,,,
2026-08-11,PAISALO.NS,69.31,0.286,OPEN,,,,,,
2026-08-11,PARAS.NS,1284.0,0.2246,OPEN,,,,,,
2026-08-11,SAILIFE.NS,1444.4,0.2183,OPEN,,,,,,
2026-08-11,SHAILY.NS,3457.9,0.2239,OPEN,,,,,,
2026-08-11,SHILPAMED.NS,819.7,0.2695,OPEN,,,,,,
2026-08-11,SONACOMS.NS,800.0,0.2618,OPEN,,,,,,
2026-08-11,STLTECH.NS,620.0,0.396,OPEN,,,,,,
2026-08-11,SYRMA.NS,1493.27,0.2321,OPEN,,,,,,
2026-08-11,TDPOWERSYS.NS,1275.6,0.2564,OPEN,,,,,,
2026-08-11,WELCORP.NS,1836.9,0.2853,OPEN,,,,,,
2026-08-12,ACUTAAS.NS,3153.4,0.2648,OPEN,,,,,,
2026-08-12,ADANIENSOL.NS,1599.0,0.237,OPEN,,,,,,
2026-08-12,ADANIPOWER.NS,206.99,0.211,OPEN,,,,,,
2026-08-12,ANANDRATHI.NS,2189.0,0.3218,OPEN,,,,,,
2026-08-12,APARINDS.NS,18000.0,0.2304,OPEN,,,,,,
2026-08-12,ARVIND.NS,566.85,0.2656,OPEN,,,,,,
2026-08-12,AUROPHARMA.NS,1667.0,0.213,OPEN,,,,,,
2026-08-12,BHARATFORG.NS,2081.5,0.2564,OPEN,,,,,,
2026-08-12,CHENNPETRO.NS,1379.5,0.2432,OPEN,,,,,,
2026-08-12,CUPID.NS,289.87,0.4468,OPEN,,,,,,
2026-08-12,FEDERALBNK.NS,355.64,0.3218,OPEN,,,,,,
2026-08-12,GRANULES.NS,864.8,0.3189,OPEN,,,,,,
2026-08-12,GRWRHITECH.NS,7132.5,0.2243,OPEN,,,,,,
2026-08-12,HFCL.NS,221.52,0.3368,OPEN,,,,,,
2026-08-12,HINDCOPPER.NS,547.7,0.2237,OPEN,,,,,,
2026-08-12,KIRLOSENG.NS,2053.4,0.2872,OPEN,,,,,,
2026-08-12,KTKBANK.NS,313.7,0.2808,OPEN,,,,,,
2026-08-12,LAURUSLABS.NS,1850.0,0.3382,OPEN,,,,,,
2026-08-12,MCX.NS,2970.1,0.2118,OPEN,,,,,,
2026-08-12,MOTHERSON.NS,169.5,0.2375,OPEN,,,,,,
2026-08-12,MTARTECH.NS,7111.5,0.3791,OPEN,,,,,,
2026-08-12,NATIONALUM.NS,420.0,0.2522,OPEN,,,,,,
2026-08-12,NAVINFLUOR.NS,8356.5,0.2099,OPEN,,,,,,
2026-08-12,NETWEB.NS,4837.4,0.2158,OPEN,,,,,,
2026-08-12,NEULANDLAB.NS,22510.0,0.2171,OPEN,,,,,,
2026-08-12,NYKAA.NS,328.05,0.2233,OPEN,,,,,,
2026-08-12,PAISALO.NS,68.75,0.2836,OPEN,,,,,,
2026-08-12,PARAS.NS,1280.7,0.2214,OPEN,,,,,,
2026-08-12,SAILIFE.NS,1463.6,0.2233,OPEN,,,,,,
2026-08-12,SHAILY.NS,3434.0,0.2351,OPEN,,,,,,
2026-08-12,SHILPAMED.NS,805.2,0.2629,OPEN,,,,,,
2026-08-12,SONACOMS.NS,804.5,0.2615,OPEN,,,,,,
2026-08-12,STLTECH.NS,651.0,0.4019,OPEN,,,,,,
2026-08-12,SYRMA.NS,1471.79,0.2321,OPEN,,,,,,
2026-08-12,WELCORP.NS,1867.6,0.2912,OPEN,,,,,,
2026-08-13,ACUTAAS.NS,3110.6,0.264,OPEN,,,,,,
2026-08-13,ADANIENSOL.NS,1583.0,0.2357,OPEN,,,,,,
2026-08-13,ANANDRATHI.NS,2198.8,0.3267,OPEN,,,,,,
2026-08-13,APARINDS.NS,17225.0,0.2158,OPEN,,,,,,
2026-08-13,APOLLO.NS,389.7,0.2136,OPEN,,,,,,
2026-08-13,ARVIND.NS,555.65,0.2609,OPEN,,,,,,
2026-08-13,BHARATFORG.NS,2088.0,0.25,OPEN,,,,,,
2026-08-13,BHEL.NS,420.0,0.2156,OPEN,,,,,,
2026-08-13,CHENNPETRO.NS,1341.8,0.2348,OPEN,,,,,,
2026-08-13,CUPID.NS,294.86,0.4504,OPEN,,,,,,
2026-08-13,FEDERALBNK.NS,351.25,0.3212,OPEN,,,,,,
2026-08-13,GLAND.NS,2967.6,0.2217,OPEN,,,,,,
2026-08-13,GRANULES.NS,857.55,0.3047,OPEN,,,,,,
2026-08-13,GRWRHITECH.NS,7230.0,0.2358,OPEN,,,,,,
2026-08-13,HFCL.NS,227.36,0.3476,OPEN,,,,,,
2026-08-13,HINDCOPPER.NS,544.45,0.2246,OPEN,,,,,,
2026-08-13,KIRLOSENG.NS,2059.9,0.2909,OPEN,,,,,,
2026-08-13,KTKBANK.NS,312.75,0.2831,OPEN,,,,,,
2026-08-13,LAURUSLABS.NS,1851.7,0.3478,OPEN,,,,,,
2026-08-13,MCX.NS,2970.0,0.2173,OPEN,,,,,,
2026-08-13,MOTHERSON.NS,167.4,0.2451,OPEN,,,,,,
2026-08-13,MTARTECH.NS,7234.0,0.3815,OPEN,,,,,,
2026-08-13,NATIONALUM.NS,400.5,0.2396,OPEN,,,,,,
2026-08-13,NAVINFLUOR.NS,8294.0,0.2154,OPEN,,,,,,
2026-08-13,NETWEB.NS,5181.0,0.2357,OPEN,,,,,,
2026-08-13,NEULANDLAB.NS,23207.0,0.2205,OPEN,,,,,,
2026-08-13,NYKAA.NS,331.15,0.2512,OPEN,,,,,,
2026-08-13,PAISALO.NS,69.94,0.2914,OPEN,,,,,,
2026-08-13,PARAS.NS,1342.2,0.247,OPEN,,,,,,
2026-08-13,SHAILY.NS,3406.9,0.2308,OPEN,,,,,,
2026-08-13,SHILPAMED.NS,807.05,0.2595,OPEN,,,,,,
2026-08-13,SONACOMS.NS,799.9,0.2627,OPEN,,,,,,
2026-08-13,STLTECH.NS,660.8,0.408,OPEN,,,,,,
2026-08-13,SYRMA.NS,1466.2,0.234,OPEN,,,,,,
2026-08-13,WELCORP.NS,1883.9,0.2954,OPEN,,,,,,
2026-08-14,ACUTAAS.NS,3235.6,0.2744,OPEN,,,,,,
2026-08-14,ADANIENSOL.NS,1616.0,0.2413,OPEN,,,,,,
2026-08-14,ANANDRATHI.NS,2174.7,0.2961,OPEN,,,,,,
2026-08-14,ARVIND.NS,571.85,0.275,OPEN,,,,,,
2026-08-14,AUROPHARMA.NS,1622.1,0.2114,OPEN,,,,,,
2026-08-14,BHARATFORG.NS,2065.0,0.256,OPEN,,,,,,
2026-08-14,BHEL.NS,421.7,0.2185,OPEN,,,,,,
2026-08-14,CHENNPETRO.NS,1321.9,0.2248,OPEN,,,,,,
2026-08-14,CUPID.NS,293.88,0.4527,OPEN,,,,,,
2026-08-14,FEDERALBNK.NS,351.3,0.3204,OPEN,,,,,,
2026-08-14,GLAND.NS,2970.2,0.2275,OPEN,,,,,,
2026-08-14,GRANULES.NS,858.4,0.3176,OPEN,,,,,,
2026-08-14,GRWRHITECH.NS,7088.5,0.2738,OPEN,,,,,,
2026-08-14,HFCL.NS,223.11,0.3416,OPEN,,,,,,
2026-08-14,HINDCOPPER.NS,529.05,0.2187,OPEN,,,,,,
2026-08-14,IDEA.NS,14.11,0.2211,OPEN,,,,,,
2026-08-14,KIRLOSENG.NS,2100.1,0.2989,OPEN,,,,,,
2026-08-14,KTKBANK.NS,309.65,0.279,OPEN,,,,,,
2026-08-14,LAURUSLABS.NS,1787.3,0.3232,OPEN,,,,,,
2026-08-14,MOREPENLAB.NS,84.19,0.2142,OPEN,,,,,,
2026-08-14,MOTHERSON.NS,168.3,0.2496,OPEN,,,,,,
2026-08-14,MTARTECH.NS,7056.0,0.3778,OPEN,,,,,,
2026-08-14,NATIONALUM.NS,376.0,0.218,OPEN,,,,,,
2026-08-14,NAVINFLUOR.NS,8235.0,0.2248,OPEN,,,,,,
2026-08-14,NETWEB.NS,5007.2,0.2233,OPEN,,,,,,
2026-08-14,NEULANDLAB.NS,23320.0,0.2171,OPEN,,,,,,
2026-08-14,NYKAA.NS,331.0,0.2477,OPEN,,,,,,
2026-08-14,PAISALO.NS,68.67,0.2875,OPEN,,,,,,
2026-08-14,PARAS.NS,1377.5,0.2418,OPEN,,,,,,
2026-08-14,SHAILY.NS,3365.0,0.2165,OPEN,,,,,,
2026-08-14,SHILPAMED.NS,822.0,0.2489,OPEN,,,,,,
2026-08-14,SONACOMS.NS,792.0,0.2579,OPEN,,,,,,
2026-08-14,STLTECH.NS,647.75,0.4017,OPEN,,,,,,
2026-08-14,SYRMA.NS,1463.7,0.2275,OPEN,,,,,,
2026-08-14,WELCORP.NS,1873.3,0.2959,OPEN,,,,,,
2026-08-17,ACUTAAS.NS,3198.2,0.2669,OPEN,,,,,,
2026-08-17,ADANIENSOL.NS,1589.1,0.238,OPEN,,,,,,
2026-08-17,ANANDRATHI.NS,2176.0,0.283,OPEN,,,,,,
2026-08-17,ARVIND.NS,552.3,0.2633,OPEN,,,,,,
2026-08-17,AZAD.NS,2899.9,0.222,OPEN,,,,,,
2026-08-17,BHARATFORG.NS,2093.0,0.2506,OPEN,,,,,,
2026-08-17,BHEL.NS,435.95,0.2269,OPEN,,,,,,
2026-08-17,CHENNPETRO.NS,1382.4,0.236,OPEN,,,,,,
2026-08-17,CUPID.NS,267.32,0.4221,OPEN,,,,,,
2026-08-17,FEDERALBNK.NS,354.1,0.3261,OPEN,,,,,,
2026-08-17,GLAND.NS,2910.2,0.2169,OPEN,,,,,,
2026-08-17,GRANULES.NS,861.55,0.3182,OPEN,,,,,,
2026-08-17,GRWRHITECH.NS,7030.0,0.2705,OPEN,,,,,,
2026-08-17,HFCL.NS,219.5,0.3416,OPEN,,,,,,
2026-08-17,HINDCOPPER.NS,572.65,0.2361,OPEN,,,,,,
2026-08-17,IDEA.NS,13.71,0.2184,OPEN,,,,,,
2026-08-17,KIRLOSENG.NS,2101.6,0.2965,OPEN,,,,,,
2026-08-17,KTKBANK.NS,306.5,0.2749,OPEN,,,,,,
2026-08-17,LAURUSLABS.NS,1809.7,0.3284,OPEN,,,,,,
2026-08-17,MARKSANS.NS,330.54,0.2332,OPEN,,,,,,
2026-08-17,MOREPENLAB.NS,89.82,0.2356,OPEN,,,,,,
2026-08-17,MOTHERSON.NS,168.06,0.251,OPEN,,,,,,
2026-08-17,MTARTECH.NS,7057.0,0.3804,OPEN,,,,,,
2026-08-17,NATIONALUM.NS,387.55,0.2267,OPEN,,,,,,
2026-08-17,NAVINFLUOR.NS,8151.0,0.2203,OPEN,,,,,,
2026-08-17,NETWEB.NS,5212.4,0.2379,OPEN,,,,,,
2026-08-17,NEULANDLAB.NS,23661.0,0.2307,OPEN,,,,,,
2026-08-17,NYKAA.NS,327.05,0.2394,OPEN,,,,,,
2026-08-17,PAISALO.NS,67.59,0.2835,OPEN,,,,,,
2026-08-17,PARAS.NS,1388.5,0.2424,OPEN,,,,,,
2026-08-17,SHILPAMED.NS,809.3,0.2444,OPEN,,,,,,
2026-08-17,SONACOMS.NS,805.1,0.27,OPEN,,,,,,
2026-08-17,STLTECH.NS,642.45,0.4034,OPEN,,,,,,
2026-08-17,SYRMA.NS,1466.4,0.2528,OPEN,,,,,,
2026-08-17,WELCORP.NS,1882.0,0.2922,OPEN,,,,,,
2026-08-18,ACUTAAS.NS,3391.4,0.2805,OPEN,,,,,,
2026-08-18,ADANIENSOL.NS,1603.0,0.2408,OPEN,,,,,,
2026-08-18,AEGISLOG.NS,1367.7,0.2208,OPEN,,,,,,
2026-08-18,ANANDRATHI.NS,2194.8,0.2854,OPEN,,,,,,
2026-08-18,APARINDS.NS,17214.0,0.2134,OPEN,,,,,,
2026-08-18,ARVIND.NS,526.5,0.2411,OPEN,,,,,,
2026-08-18,AUROPHARMA.NS,1645.0,0.2108,OPEN,,,,,,
2026-08-18,BHARATFORG.NS,2098.9,0.2564,OPEN,,,,,,
2026-08-18,BHEL.NS,425.0,0.2169,OPEN,,,,,,
2026-08-18,CHENNPETRO.NS,1404.0,0.2436,OPEN,,,,,,
2026-08-18,CUPID.NS,284.03,0.4311,OPEN,,,,,,
2026-08-18,FEDERALBNK.NS,357.8,0.331,OPEN,,,,,,
2026-08-18,GRANULES.NS,851.2,0.2981,OPEN,,,,,,
2026-08-18,GRWRHITECH.NS,7101.0,0.2731,OPEN,,,,,,
2026-08-18,HFCL.NS,230.03,0.3561,OPEN,,,,,,
2026-08-18,HINDCOPPER.NS,566.35,0.2309,OPEN,,,,,,
2026-08-18,IDEA.NS,14.12,0.2302,OPEN,,,,,,
2026-08-18,KIRLOSENG.NS,2125.7,0.3057,OPEN,,,,,,
2026-08-18,KTKBANK.NS,310.75,0.2846,OPEN,,,,,,
2026-08-18,LAURUSLABS.NS,1814.0,0.3139,OPEN,,,,,,
2026-08-18,MARKSANS.NS,325.6,0.2325,OPEN,,,,,,
2026-08-18,MOREPENLAB.NS,88.44,0.2269,OPEN,,,,,,
2026-08-18,MOTHERSON.NS,170.4,0.2435,OPEN,,,,,,
2026-08-18,MTARTECH.NS,7132.0,0.3824,OPEN,,,,,,
2026-08-18,NATIONALUM.NS,388.0,0.2222,OPEN,,,,,,
2026-08-18,NAVINFLUOR.NS,8255.0,0.2196,OPEN,,,,,,
2026-08-18,NETWEB.NS,5354.5,0.2433,OPEN,,,,,,
2026-08-18,NEULANDLAB.NS,23370.0,0.2257,OPEN,,,,,,
2026-08-18,PAISALO.NS,67.57,0.2742,OPEN,,,,,,
2026-08-18,PARAS.NS,1527.3,0.2643,OPEN,,,,,,
2026-08-18,SHILPAMED.NS,809.8,0.2302,OPEN,,,,,,
2026-08-18,SONACOMS.NS,824.0,0.2717,OPEN,,,,,,
2026-08-18,STLTECH.NS,646.0,0.399,OPEN,,,,,,
2026-08-18,SYRMA.NS,1500.1,0.25,OPEN,,,,,,
2026-08-18,WELCORP.NS,1917.1,0.2948,OPEN,,,,,,
2026-08-19,ACUTAAS.NS,3228.9,0.2673,OPEN,,,,,,
2026-08-19,ADANIENSOL.NS,1540.7,0.2304,OPEN,,,,,,
2026-08-19,AEGISLOG.NS,1364.0,0.2182,OPEN,,,,,,
2026-08-19,ANANDRATHI.NS,2189.2,0.2997,OPEN,,,,,,
2026-08-19,APARINDS.NS,16615.0,0.2086,OPEN,,,,,,
2026-08-19,ARVIND.NS,516.5,0.2397,OPEN,,,,,,
2026-08-19,BHARATFORG.NS,2069.0,0.2405,OPEN,,,,,,
2026-08-19,BHEL.NS,419.8,0.2168,OPEN,,,,,,
2026-08-19,CHENNPETRO.NS,1440.3,0.2579,OPEN,,,,,,
2026-08-19,CUPID.NS,284.56,0.4313,OPEN,,,,,,
2026-08-19,FEDERALBNK.NS,358.8,0.3332,OPEN,,,,,,
2026-08-19,GRANULES.NS,841.15,0.2877,OPEN,,,,,,
2026-08-19,GRWRHITECH.NS,7080.5,0.2807,OPEN,,,,,,
2026-08-19,HFCL.NS,226.53,0.3538,OPEN,,,,,,
2026-08-19,HINDCOPPER.NS,554.85,0.228,OPEN,,,,,,
2026-08-19,IDEA.NS,14.07,0.2386,OPEN,,,,,,
2026-08-19,KIRLOSENG.NS,2079.9,0.2955,OPEN,,,,,,
2026-08-19,KTKBANK.NS,324.05,0.3038,OPEN,,,,,,
2026-08-19,LAURUSLABS.NS,1801.8,0.3128,OPEN,,,,,,
2026-08-19,MARKSANS.NS,326.1,0.2458,OPEN,,,,,,
2026-08-19,MOREPENLAB.NS,88.42,0.2327,OPEN,,,,,,
2026-08-19,MOTHERSON.NS,170.29,0.2443,OPEN,,,,,,
2026-08-19,MTARTECH.NS,6918.5,0.3678,OPEN,,,,,,
2026-08-19,NATIONALUM.NS,386.55,0.2245,OPEN,,,,,,
2026-08-19,NAVINFLUOR.NS,8277.5,0.2188,OPEN,,,,,,
2026-08-19,NETWEB.NS,5065.0,0.2264,OPEN,,,,,,
2026-08-19,NEULANDLAB.NS,23290.0,0.2179,OPEN,,,,,,
2026-08-19,NYKAA.NS,327.35,0.2149,OPEN,,,,,,
2026-08-19,PAISALO.NS,69.37,0.288,OPEN,,,,,,
2026-08-19,PARAS.NS,1496.4,0.2597,OPEN,,,,,,
2026-08-19,SHILPAMED.NS,807.75,0.2285,OPEN,,,,,,
2026-08-19,SONACOMS.NS,823.5,0.2686,OPEN,,,,,,
2026-08-19,STLTECH.NS,621.2,0.3787,OPEN,,,,,,
2026-08-19,SYRMA.NS,1494.8,0.2501,OPEN,,,,,,
2026-08-19,WELCORP.NS,1973.9,0.3067,OPEN,,,,,,
2026-08-20,ACUTAAS.NS,3210.5,0.2597,OPEN,,,,,,
2026-08-20,ADANIENSOL.NS,1548.5,0.2151,OPEN,,,,,,
2026-08-20,AEGISLOG.NS,1336.2,0.2236,OPEN,,,,,,
2026-08-20,ANANDRATHI.NS,2171.1,0.2776,OPEN,,,,,,
2026-08-20,APARINDS.NS,16784.0,0.214,OPEN,,,,,,
2026-08-20,ARVIND.NS,539.0,0.2476,OPEN,,,,,,
2026-08-20,BHARATFORG.NS,2062.0,0.2396,OPEN,,,,,,
2026-08-20,BHEL.NS,413.5,0.2191,OPEN,,,,,,
2026-08-20,CHENNPETRO.NS,1390.5,0.2502,OPEN,,,,,,
2026-08-20,CUPID.NS,282.43,0.4257,OPEN,,,,,,
2026-08-20,FEDERALBNK.NS,355.3,0.3281,OPEN,,,,,,
2026-08-20,GRANULES.NS,841.6,0.2887,OPEN,,,,,,
2026-08-20,GRWRHITECH.NS,7109.5,0.2787,OPEN,,,,,,
2026-08-20,HFCL.NS,223.9,0.3438,OPEN,,,,,,
2026-08-20,HINDCOPPER.NS,560.1,0.2291,OPEN,,,,,,
2026-08-20,IDEA.NS,14.03,0.2253,OPEN,,,,,,
2026-08-20,KIRLOSENG.NS,2150.1,0.3068,OPEN,,,,,,
2026-08-20,KTKBANK.NS,335.05,0.3155,OPEN,,,,,,
2026-08-20,LAURUSLABS.NS,1825.0,0.3152,OPEN,,,,,,
2026-08-20,MARKSANS.NS,320.85,0.2287,OPEN,,,,,,
2026-08-20,MCX.NS,3126.0,0.2105,OPEN,,,,,,
2026-08-20,MOREPENLAB.NS,96.47,0.2501,OPEN,,,,,,
2026-08-20,MOTHERSON.NS,169.58,0.2391,OPEN,,,,,,
2026-08-20,MTARTECH.NS,7113.5,0.3707,OPEN,,,,,,
2026-08-20,NATIONALUM.NS,385.6,0.2229,OPEN,,,,,,
2026-08-20,NAVINFLUOR.NS,8256.0,0.2119,OPEN,,,,,,
2026-08-20,NETWEB.NS,5419.8,0.2383,OPEN,,,,,,
2026-08-20,NEULANDLAB.NS,23568.0,0.2154,OPEN,,,,,,
2026-08-20,PAISALO.NS,69.95,0.2905,OPEN,,,,,,
2026-08-20,PARAS.NS,1502.0,0.257,OPEN,,,,,,
2026-08-20,SHILPAMED.NS,820.95,0.2453,OPEN,,,,,,
2026-08-20,SONACOMS.NS,821.9,0.2745,OPEN,,,,,,
2026-08-20,STLTECH.NS,621.4,0.3755,OPEN,,,,,,
2026-08-20,SYRMA.NS,1443.7,0.2293,OPEN,,,,,,
2026-08-20,WELCORP.NS,2005.2,0.3131,OPEN,,,,,,
2026-08-21,AEGISLOG.NS,1417.9,0.2441,OPEN,,,,,,
2026-08-21,ARVIND.NS,536.95,0.2321,OPEN,,,,,,
2026-08-21,BHARATFORG.NS,2063.0,0.2384,OPEN,,,,,,
2026-08-21,BHEL.NS,413.0,0.2144,OPEN,,,,,,
2026-08-21,CHENNPETRO.NS,1393.5,0.2388,OPEN,,,,,,
2026-08-21,CUPID.NS,284.58,0.4271,OPEN,,,,,,
2026-08-21,FEDERALBNK.NS,361.0,0.3252,OPEN,,,,,,
2026-08-21,HFCL.NS,228.01,0.3433,OPEN,,,,,,
2026-08-21,HINDCOPPER.NS,572.7,0.2334,OPEN,,,,,,
2026-08-21,IDEA.NS,13.94,0.2191,OPEN,,,,,,
2026-08-21,KTKBANK.NS,328.3,0.3022,OPEN,,,,,,
2026-08-21,LAURUSLABS.NS,1802.0,0.3016,OPEN,,,,,,
2026-08-21,MCX.NS,3185.0,0.2166,OPEN,,,,,,
2026-08-21,MOREPENLAB.NS,96.01,0.2428,OPEN,,,,,,
2026-08-21,MOTHERSON.NS,169.38,0.218,OPEN,,,,,,
2026-08-21,MTARTECH.NS,7029.5,0.3717,OPEN,,,,,,
2026-08-21,NATIONALUM.NS,394.45,0.2248,OPEN,,,,,,
2026-08-21,NETWEB.NS,5601.0,0.2485,OPEN,,,,,,
2026-08-21,PAISALO.NS,69.79,0.2893,OPEN,,,,,,
2026-08-21,PARAS.NS,1499.6,0.2548,OPEN,,,,,,
2026-08-21,SONACOMS.NS,817.6,0.263,OPEN,,,,,,
2026-08-21,STLTECH.NS,627.15,0.3763,OPEN,,,,,,
2026-08-21,SYRMA.NS,1439.3,0.2245,OPEN,,,,,,
2026-08-21,WELCORP.NS,2311.9,0.3671,OPEN,,,,,,
